-- FX Exchange seed data (Week 1 Day 3). Import into schema `fxdb`.
USE fxdb;
SET FOREIGN_KEY_CHECKS=0;
DROP TABLE IF EXISTS transfer, fx_rate, account, currency;
SET FOREIGN_KEY_CHECKS=1;

CREATE TABLE currency (code CHAR(3) PRIMARY KEY, name VARCHAR(40) NOT NULL, symbol VARCHAR(4));
CREATE TABLE account (id INT PRIMARY KEY AUTO_INCREMENT, owner_name VARCHAR(60) NOT NULL,
  currency_code CHAR(3) NOT NULL, balance DECIMAL(12,2) NOT NULL DEFAULT 0, account_type VARCHAR(10) NOT NULL,
  FOREIGN KEY (currency_code) REFERENCES currency(code));
CREATE TABLE fx_rate (id INT PRIMARY KEY AUTO_INCREMENT, base_code CHAR(3) NOT NULL, quote_code CHAR(3) NOT NULL,
  rate DECIMAL(12,4) NOT NULL, rate_date DATE NOT NULL,
  FOREIGN KEY (base_code) REFERENCES currency(code), FOREIGN KEY (quote_code) REFERENCES currency(code));
CREATE TABLE transfer (id INT PRIMARY KEY AUTO_INCREMENT, from_account INT NOT NULL, to_account INT NOT NULL,
  amount DECIMAL(12,2) NOT NULL, currency_code CHAR(3) NOT NULL, executed_at DATETIME NOT NULL, status VARCHAR(10) NOT NULL,
  FOREIGN KEY (from_account) REFERENCES account(id), FOREIGN KEY (to_account) REFERENCES account(id),
  FOREIGN KEY (currency_code) REFERENCES currency(code));

INSERT INTO currency VALUES ('USD','US Dollar','$'),('EUR','Euro','€'),('GBP','Pound Sterling','£'),('JPY','Japanese Yen','¥'),('CHF','Swiss Franc','Fr'),('AUD','Australian Dollar','A$'),('CAD','Canadian Dollar','C$'),('SGD','Singapore Dollar','S$');
INSERT INTO account (id,owner_name,currency_code,balance,account_type) VALUES (1,'Amira Khan','EUR',2348.47,'BUSINESS'),(2,'Ben Osei','JPY',20166.65,'PERSONAL'),(3,'Chen Wei','EUR',53185.28,'PERSONAL'),(4,'Dana Petrov','USD',8523.2,'PERSONAL'),(5,'Elif Yilmaz','USD',50555.93,'BUSINESS'),(6,'Farid Aziz','JPY',40483.89,'BUSINESS'),(7,'Grace Obi','USD',68316.78,'PERSONAL'),(8,'Hiro Tanaka','CAD',30688.52,'PERSONAL'),(9,'Ines Costa','JPY',86153.46,'BUSINESS'),(10,'Jonas Berg','EUR',8437.85,'PERSONAL'),(11,'Katya Ivanova','AUD',76289.74,'BUSINESS'),(12,'Liam Murphy','USD',65702.89,'PERSONAL'),(13,'Maya Singh','CAD',7184.14,'BUSINESS'),(14,'Nadia Haddad','AUD',52003.96,'PERSONAL'),(15,'Omar Farouk','USD',59547.57,'BUSINESS'),(16,'Priya Nair','EUR',76993.06,'PERSONAL'),(17,'Quinn Doyle','CAD',25089.83,'BUSINESS'),(18,'Rosa Alvarez','GBP',33379.27,'PERSONAL'),(19,'Sam Njoroge','CHF',63193.65,'PERSONAL'),(20,'Tara Kelly','GBP',48119.17,'PERSONAL');
INSERT INTO fx_rate (id,base_code,quote_code,rate,rate_date) VALUES (1,'USD','JPY',147.3017,'2026-01-10'),(2,'USD','CHF',0.8779,'2026-01-10'),(3,'USD','CAD',1.3632,'2026-01-10'),(4,'USD','SGD',1.3438,'2026-01-10'),(5,'EUR','USD',1.0812,'2026-01-10'),(6,'EUR','GBP',0.8531,'2026-01-10'),(7,'EUR','JPY',161.2985,'2026-01-10'),(8,'GBP','USD',1.277,'2026-01-10'),(9,'GBP','JPY',187.3791,'2026-01-10'),(10,'AUD','USD',0.6538,'2026-01-10'),(11,'USD','JPY',147.7526,'2026-01-11'),(12,'USD','CHF',0.8759,'2026-01-11'),(13,'USD','CAD',1.3422,'2026-01-11'),(14,'USD','SGD',1.3519,'2026-01-11'),(15,'EUR','USD',1.0881,'2026-01-11'),(16,'EUR','GBP',0.8468,'2026-01-11'),(17,'EUR','JPY',160.698,'2026-01-11'),(18,'GBP','USD',1.2673,'2026-01-11'),(19,'GBP','JPY',189.962,'2026-01-11'),(20,'AUD','USD',0.6595,'2026-01-11'),(21,'USD','JPY',147.6026,'2026-01-12'),(22,'USD','CHF',0.8755,'2026-01-12'),(23,'USD','CAD',1.3517,'2026-01-12'),(24,'USD','SGD',1.3336,'2026-01-12'),(25,'EUR','USD',1.0818,'2026-01-12'),(26,'EUR','GBP',0.8568,'2026-01-12'),(27,'EUR','JPY',159.8777,'2026-01-12'),(28,'GBP','USD',1.2629,'2026-01-12'),(29,'GBP','JPY',190.2747,'2026-01-12'),(30,'AUD','USD',0.6601,'2026-01-12');
INSERT INTO transfer (id,from_account,to_account,amount,currency_code,executed_at,status) VALUES (1,3,2,3863.39,'EUR','2026-01-12 14:38:00','COMPLETED'),(2,3,14,14917.42,'CAD','2026-01-11 16:55:00','COMPLETED'),(3,1,5,19226.54,'CHF','2026-01-11 14:10:00','COMPLETED'),(4,15,1,24298.61,'CHF','2026-01-12 09:55:00','COMPLETED'),(5,10,7,9379.15,'GBP','2026-01-12 08:38:00','COMPLETED'),(6,11,17,2841.1,'USD','2026-01-11 11:03:00','COMPLETED'),(7,8,3,18311.09,'EUR','2026-01-12 10:08:00','PENDING'),(8,16,6,13215.46,'CHF','2026-01-10 16:48:00','COMPLETED'),(9,7,11,24878.98,'CAD','2026-01-11 16:28:00','COMPLETED'),(10,4,9,1647.45,'JPY','2026-01-12 11:37:00','COMPLETED'),(11,8,1,17710.63,'EUR','2026-01-10 08:55:00','COMPLETED'),(12,11,3,6998.01,'JPY','2026-01-12 10:46:00','COMPLETED'),(13,16,8,20197.05,'SGD','2026-01-10 14:22:00','COMPLETED'),(14,14,15,21602.73,'SGD','2026-01-12 09:03:00','COMPLETED'),(15,13,11,6253.98,'EUR','2026-01-11 10:27:00','COMPLETED'),(16,6,10,6282.67,'SGD','2026-01-11 16:06:00','FAILED'),(17,2,1,23162.86,'EUR','2026-01-10 14:31:00','PENDING'),(18,16,7,22565.95,'CAD','2026-01-10 14:16:00','COMPLETED'),(19,15,10,17429.96,'CAD','2026-01-12 15:09:00','COMPLETED'),(20,7,11,24219.3,'JPY','2026-01-12 08:47:00','COMPLETED'),(21,11,2,14625.23,'USD','2026-01-12 10:03:00','COMPLETED'),(22,17,3,1759.61,'GBP','2026-01-10 14:07:00','COMPLETED'),(23,8,2,10509.66,'EUR','2026-01-12 13:59:00','COMPLETED'),(24,9,7,6005.21,'AUD','2026-01-12 12:29:00','COMPLETED'),(25,11,3,11484.22,'USD','2026-01-10 09:34:00','FAILED'),(26,7,10,23334.82,'GBP','2026-01-10 13:18:00','PENDING'),(27,6,16,15311.36,'CHF','2026-01-12 16:00:00','FAILED'),(28,10,4,6648.42,'GBP','2026-01-12 16:09:00','PENDING'),(29,9,11,17954.42,'JPY','2026-01-12 12:32:00','COMPLETED'),(30,16,9,2352.85,'USD','2026-01-11 08:00:00','COMPLETED'),(31,11,5,4081.47,'CHF','2026-01-12 14:35:00','COMPLETED'),(32,1,5,23629.02,'EUR','2026-01-10 16:02:00','COMPLETED'),(33,12,5,3229.77,'CAD','2026-01-10 13:13:00','COMPLETED'),(34,8,4,19513.9,'AUD','2026-01-11 17:47:00','PENDING'),(35,5,9,24406.34,'GBP','2026-01-11 08:11:00','PENDING'),(36,11,15,6706.8,'JPY','2026-01-10 14:55:00','COMPLETED'),(37,2,17,5029.34,'JPY','2026-01-11 12:52:00','FAILED'),(38,8,9,16517.83,'USD','2026-01-11 09:49:00','COMPLETED'),(39,9,13,17003.98,'CAD','2026-01-11 08:07:00','PENDING'),(40,9,6,1004.52,'CHF','2026-01-11 13:27:00','COMPLETED'),(41,17,4,22492.64,'CAD','2026-01-10 14:00:00','COMPLETED'),(42,17,7,10810.87,'AUD','2026-01-11 17:20:00','FAILED'),(43,4,11,16688.98,'CHF','2026-01-12 12:35:00','COMPLETED'),(44,5,8,16639.99,'CAD','2026-01-12 10:39:00','COMPLETED'),(45,10,14,7631.68,'USD','2026-01-12 17:41:00','COMPLETED'),(46,11,16,11081.89,'SGD','2026-01-11 10:42:00','COMPLETED'),(47,3,11,2380.01,'AUD','2026-01-10 12:14:00','FAILED'),(48,7,5,1203.03,'USD','2026-01-12 09:29:00','FAILED'),(49,14,7,12384.71,'CAD','2026-01-12 08:57:00','COMPLETED'),(50,4,15,4438.37,'JPY','2026-01-12 15:03:00','FAILED'),(51,8,4,3376.81,'SGD','2026-01-12 16:38:00','COMPLETED'),(52,11,16,20772.7,'CAD','2026-01-10 15:28:00','COMPLETED'),(53,9,8,19157.05,'CHF','2026-01-12 11:17:00','COMPLETED'),(54,15,3,5900.61,'CHF','2026-01-12 09:08:00','COMPLETED'),(55,5,9,17364.05,'CAD','2026-01-10 14:26:00','COMPLETED'),(56,11,16,1603.53,'CAD','2026-01-11 17:44:00','PENDING'),(57,1,14,197.11,'SGD','2026-01-11 14:34:00','COMPLETED'),(58,8,17,6859.74,'JPY','2026-01-11 13:42:00','COMPLETED'),(59,13,6,22992.56,'SGD','2026-01-12 08:58:00','FAILED'),(60,13,1,16086.6,'EUR','2026-01-11 10:03:00','COMPLETED'),(61,9,14,5330.92,'AUD','2026-01-11 12:48:00','COMPLETED'),(62,14,9,11784.16,'EUR','2026-01-10 13:14:00','COMPLETED'),(63,3,2,23742.81,'USD','2026-01-10 17:09:00','COMPLETED'),(64,8,5,16753.0,'SGD','2026-01-10 15:44:00','COMPLETED'),(65,9,13,15167.02,'GBP','2026-01-12 09:49:00','FAILED'),(66,6,11,14488.18,'EUR','2026-01-12 14:25:00','FAILED'),(67,7,3,2592.44,'JPY','2026-01-12 17:51:00','COMPLETED'),(68,4,2,13341.99,'AUD','2026-01-10 16:41:00','COMPLETED'),(69,11,1,20567.16,'CAD','2026-01-11 15:45:00','COMPLETED'),(70,5,15,18358.19,'GBP','2026-01-11 17:51:00','FAILED'),(71,16,15,20652.08,'CAD','2026-01-11 11:53:00','COMPLETED'),(72,3,10,6134.39,'SGD','2026-01-12 14:21:00','COMPLETED'),(73,1,17,4586.9,'AUD','2026-01-11 13:17:00','COMPLETED'),(74,9,1,2186.04,'JPY','2026-01-11 16:48:00','COMPLETED'),(75,8,17,11231.96,'SGD','2026-01-11 11:25:00','COMPLETED'),(76,8,11,11857.85,'AUD','2026-01-11 16:21:00','COMPLETED'),(77,12,16,7700.24,'CHF','2026-01-12 11:20:00','COMPLETED'),(78,4,7,5448.8,'JPY','2026-01-12 17:48:00','COMPLETED'),(79,17,10,20824.08,'EUR','2026-01-11 10:19:00','COMPLETED'),(80,1,6,1185.62,'CHF','2026-01-11 10:40:00','COMPLETED'),(81,16,4,14372.9,'USD','2026-01-11 13:11:00','COMPLETED'),(82,2,10,2896.47,'SGD','2026-01-11 09:36:00','COMPLETED'),(83,2,6,20287.99,'GBP','2026-01-10 11:07:00','FAILED'),(84,14,8,11290.34,'CAD','2026-01-12 14:19:00','COMPLETED'),(85,2,5,15656.6,'JPY','2026-01-10 10:15:00','COMPLETED'),(86,6,3,116.76,'GBP','2026-01-12 15:18:00','COMPLETED'),(87,2,9,17688.55,'CHF','2026-01-11 09:43:00','COMPLETED'),(88,8,10,10657.22,'JPY','2026-01-12 10:58:00','COMPLETED'),(89,9,5,1537.97,'EUR','2026-01-12 17:58:00','COMPLETED'),(90,10,16,11744.01,'EUR','2026-01-11 12:32:00','COMPLETED'),(91,16,15,14971.01,'EUR','2026-01-12 13:38:00','PENDING'),(92,9,1,5761.66,'EUR','2026-01-12 17:01:00','COMPLETED'),(93,9,2,11789.0,'GBP','2026-01-11 10:37:00','COMPLETED'),(94,14,17,11776.76,'EUR','2026-01-11 09:54:00','COMPLETED'),(95,6,12,17357.16,'CAD','2026-01-11 16:02:00','COMPLETED'),(96,15,3,6347.35,'AUD','2026-01-11 16:52:00','COMPLETED'),(97,1,16,1402.39,'CAD','2026-01-12 15:40:00','COMPLETED'),(98,15,2,6713.05,'JPY','2026-01-11 15:56:00','COMPLETED'),(99,16,4,24330.01,'USD','2026-01-10 10:19:00','COMPLETED'),(100,1,15,5656.28,'EUR','2026-01-10 15:07:00','PENDING'),(101,5,17,12746.36,'CHF','2026-01-11 15:15:00','COMPLETED'),(102,15,5,4805.73,'CAD','2026-01-12 10:55:00','COMPLETED'),(103,3,10,8529.89,'CAD','2026-01-11 08:18:00','COMPLETED'),(104,10,17,11191.36,'GBP','2026-01-11 16:48:00','COMPLETED'),(105,13,16,21746.56,'AUD','2026-01-10 17:24:00','FAILED'),(106,8,15,7988.5,'USD','2026-01-11 14:42:00','COMPLETED'),(107,5,17,3199.84,'USD','2026-01-11 09:55:00','FAILED'),(108,15,4,432.92,'SGD','2026-01-12 10:04:00','COMPLETED'),(109,16,9,15600.32,'AUD','2026-01-10 13:54:00','COMPLETED'),(110,13,11,21815.96,'SGD','2026-01-10 11:40:00','COMPLETED'),(111,10,8,10877.59,'EUR','2026-01-12 09:28:00','COMPLETED'),(112,6,11,1197.47,'USD','2026-01-11 13:23:00','COMPLETED'),(113,14,5,13302.6,'JPY','2026-01-10 10:11:00','COMPLETED'),(114,3,14,12466.8,'JPY','2026-01-10 15:40:00','COMPLETED'),(115,9,16,16687.68,'CHF','2026-01-11 12:43:00','PENDING'),(116,6,3,23633.63,'SGD','2026-01-11 14:44:00','FAILED'),(117,9,16,5020.46,'CHF','2026-01-11 09:15:00','COMPLETED'),(118,13,12,24817.67,'CHF','2026-01-12 14:17:00','COMPLETED'),(119,1,3,20829.33,'SGD','2026-01-10 17:51:00','FAILED'),(120,12,8,15541.23,'JPY','2026-01-12 10:40:00','COMPLETED'),(121,4,2,19725.83,'CHF','2026-01-11 10:05:00','COMPLETED'),(122,10,12,4432.22,'CAD','2026-01-12 13:33:00','COMPLETED'),(123,17,9,6461.4,'GBP','2026-01-11 12:47:00','PENDING'),(124,11,4,24074.19,'SGD','2026-01-10 14:54:00','COMPLETED'),(125,12,3,397.27,'CAD','2026-01-11 13:43:00','COMPLETED'),(126,9,14,2753.24,'AUD','2026-01-10 17:56:00','COMPLETED'),(127,11,8,15903.33,'EUR','2026-01-12 12:41:00','COMPLETED'),(128,14,4,1181.4,'GBP','2026-01-11 09:06:00','COMPLETED'),(129,8,5,11368.41,'CAD','2026-01-12 16:26:00','COMPLETED'),(130,5,15,20850.64,'EUR','2026-01-11 08:44:00','COMPLETED'),(131,12,7,11145.16,'SGD','2026-01-11 09:43:00','COMPLETED'),(132,12,13,9983.58,'USD','2026-01-10 15:05:00','COMPLETED'),(133,7,1,19680.53,'USD','2026-01-10 17:13:00','COMPLETED'),(134,3,8,20335.67,'JPY','2026-01-10 17:00:00','COMPLETED'),(135,9,5,13528.38,'GBP','2026-01-10 08:08:00','COMPLETED'),(136,1,13,14741.88,'JPY','2026-01-11 08:08:00','COMPLETED'),(137,14,4,11932.34,'EUR','2026-01-12 17:06:00','COMPLETED'),(138,15,8,18194.71,'USD','2026-01-12 16:19:00','FAILED'),(139,15,1,24964.74,'USD','2026-01-11 09:31:00','PENDING'),(140,15,3,8086.69,'EUR','2026-01-10 12:39:00','COMPLETED'),(141,11,14,11370.2,'CHF','2026-01-10 09:54:00','COMPLETED'),(142,7,15,22207.87,'SGD','2026-01-11 14:26:00','COMPLETED'),(143,4,12,7847.46,'CAD','2026-01-10 15:04:00','COMPLETED'),(144,3,4,10825.32,'EUR','2026-01-11 10:35:00','COMPLETED'),(145,2,12,10299.68,'EUR','2026-01-11 08:18:00','PENDING'),(146,10,13,14469.07,'EUR','2026-01-12 15:14:00','COMPLETED'),(147,4,13,2916.39,'AUD','2026-01-10 14:54:00','COMPLETED'),(148,1,10,4551.38,'USD','2026-01-11 13:22:00','COMPLETED'),(149,1,7,14179.71,'GBP','2026-01-10 08:05:00','COMPLETED'),(150,17,7,10524.82,'CAD','2026-01-11 12:46:00','COMPLETED'),(151,11,3,3931.72,'USD','2026-01-10 09:17:00','COMPLETED'),(152,15,14,15196.55,'SGD','2026-01-10 16:07:00','COMPLETED'),(153,12,15,7117.0,'EUR','2026-01-11 16:42:00','COMPLETED'),(154,10,2,9911.82,'JPY','2026-01-10 11:19:00','COMPLETED'),(155,7,5,7271.71,'CHF','2026-01-11 14:11:00','COMPLETED'),(156,5,14,12531.55,'JPY','2026-01-11 09:25:00','PENDING'),(157,2,15,11520.87,'USD','2026-01-11 17:27:00','COMPLETED'),(158,13,15,2923.58,'CHF','2026-01-11 10:51:00','COMPLETED'),(159,15,12,10945.96,'EUR','2026-01-11 17:25:00','COMPLETED'),(160,17,3,21769.58,'CAD','2026-01-10 13:49:00','COMPLETED'),(161,6,3,13288.59,'EUR','2026-01-11 13:46:00','COMPLETED'),(162,5,9,3703.78,'EUR','2026-01-12 10:48:00','COMPLETED'),(163,3,7,11625.63,'SGD','2026-01-12 15:43:00','COMPLETED'),(164,11,12,11022.08,'GBP','2026-01-12 12:50:00','COMPLETED'),(165,9,2,12708.06,'AUD','2026-01-11 08:03:00','COMPLETED'),(166,12,10,16134.43,'EUR','2026-01-10 17:38:00','FAILED'),(167,17,13,14529.22,'SGD','2026-01-12 08:28:00','FAILED'),(168,7,12,12559.11,'SGD','2026-01-11 09:51:00','FAILED'),(169,11,3,1026.6,'GBP','2026-01-11 16:33:00','COMPLETED'),(170,6,13,22952.52,'AUD','2026-01-11 17:03:00','COMPLETED'),(171,11,3,2407.92,'AUD','2026-01-11 12:46:00','COMPLETED'),(172,5,12,14589.35,'EUR','2026-01-11 12:41:00','COMPLETED'),(173,13,5,7774.07,'EUR','2026-01-11 10:42:00','COMPLETED'),(174,17,3,12736.79,'CAD','2026-01-11 10:13:00','COMPLETED'),(175,11,17,5702.25,'JPY','2026-01-10 12:54:00','COMPLETED'),(176,4,2,21916.0,'AUD','2026-01-12 14:09:00','COMPLETED'),(177,6,7,18043.52,'GBP','2026-01-11 11:28:00','COMPLETED'),(178,10,16,13373.58,'JPY','2026-01-11 11:23:00','COMPLETED'),(179,15,16,19464.19,'CHF','2026-01-11 10:52:00','COMPLETED'),(180,7,5,1351.89,'CHF','2026-01-11 16:59:00','COMPLETED'),(181,4,5,2142.68,'CHF','2026-01-11 16:09:00','COMPLETED'),(182,14,3,20426.75,'JPY','2026-01-10 14:03:00','PENDING'),(183,13,12,9684.84,'JPY','2026-01-10 08:20:00','COMPLETED'),(184,4,12,3483.11,'GBP','2026-01-11 10:48:00','COMPLETED'),(185,16,15,22651.14,'USD','2026-01-10 10:35:00','COMPLETED'),(186,17,14,19415.51,'EUR','2026-01-10 08:15:00','COMPLETED'),(187,14,16,2815.9,'EUR','2026-01-12 16:01:00','FAILED'),(188,17,8,7317.24,'GBP','2026-01-11 11:36:00','COMPLETED'),(189,14,6,13110.94,'EUR','2026-01-12 16:32:00','COMPLETED'),(190,17,1,21839.62,'CAD','2026-01-11 13:16:00','COMPLETED'),(191,1,13,8652.82,'EUR','2026-01-12 09:49:00','COMPLETED'),(192,11,5,8839.86,'USD','2026-01-12 10:53:00','COMPLETED'),(193,15,17,20296.87,'GBP','2026-01-11 08:18:00','COMPLETED'),(194,7,2,22150.47,'JPY','2026-01-11 16:25:00','COMPLETED'),(195,16,9,18844.61,'USD','2026-01-11 08:55:00','COMPLETED'),(196,11,9,19993.59,'EUR','2026-01-11 15:57:00','COMPLETED'),(197,13,11,12430.27,'GBP','2026-01-12 12:51:00','COMPLETED'),(198,3,15,10793.65,'EUR','2026-01-10 16:18:00','FAILED'),(199,11,4,8231.6,'EUR','2026-01-11 17:45:00','COMPLETED'),(200,14,6,8821.1,'SGD','2026-01-11 17:27:00','COMPLETED');
