id,from_account,to_account,amount,currency_code,executed_at,status
355,14,4,573.92,AUD,2026-01-12T09:38:00,COMPLETED
638,14,18,15686.58,SGD,2026-01-10T13:35:00,COMPLETED
508,13,2,3300.0,JPY,2026-01-10T11:43:00,COMPLETED
971,4,6,16703.11,CAD,2026-01-11T11:32:00,COMPLETED
329,16,15,2017.23,SGD,2026-01-11T11:23:00,COMPLETED
738,13,15,15069.16,EUR,2026-01-10T14:18:00,COMPLETED
389,14,16,8341.83,SGD,2026-01-11T10:05:00,COMPLETED
277,19,8,14441.93,SGD,2026-01-10T16:40:00,FAILED
771,2,8,10398.12,CAD,2026-01-12T08:35:00,COMPLETED
973,5,16,15257.36,CHF,2026-01-12T08:05:00,COMPLETED
520,12,9,11732.14,SGD,2026-01-10T15:03:00,PENDING
560,10,18,10463.6,EUR,2026-01-10T10:31:00,COMPLETED
664,15,11,13799.75,USD,2026-01-12T11:24:00,COMPLETED
89,11,1,16999.03,SGD,2026-01-10T14:23:00,PENDING
610,3,1,16999.27,USD,2026-01-12T17:25:00,FAILED
1004,12,6,12957.65,USD,2026-01-12T14:48:00,COMPLETED
825,8,18,3222.45,SGD,2026-01-11T09:21:00,COMPLETED
82,9,3,9432.62,USD,2026-01-11T11:41:00,COMPLETED
506,4,1,4876.66,SGD,2026-01-12T15:11:00,COMPLETED
350,15,16,4601.36,CAD,2026-01-11T10:43:00,COMPLETED
803,11,13,12548.89,GBP,2026-01-12T17:24:00,COMPLETED
359,16,3,7254.44,JPY,2026-01-12T15:38:00,PENDING
18,11,4,5905.33,GBP,2026-01-11T08:46:00,FAILED
227,13,12,5110.32,USD,2026-01-11T09:22:00,COMPLETED
686,18,10,18183.02,SGD,2026-01-12T11:51:00,COMPLETED
64,7,17,9490.06,GBP,2026-01-12T09:18:00,COMPLETED
588,12,17,16066.19,SGD,2026-01-11T08:18:00,PENDING
527,1,2,10698.96,AUD,2026-01-10T13:48:00,COMPLETED
725,6,18,8061.07,AUD,2026-01-12T10:34:00,COMPLETED
342,2,3,8135.3,CAD,2026-01-12T15:03:00,PENDING
695,6,4,5678.19,GBP,2026-01-12T15:46:00,COMPLETED
603,3,10,13450.12,CHF,2026-01-10T11:46:00,COMPLETED
385,5,17,7799.84,GBP,2026-01-12T14:27:00,COMPLETED
1,4,1,14843.93,JPY,2026-01-10T10:47:00,COMPLETED
414,5,4,11812.0,CAD,2026-01-11T14:20:00,COMPLETED
835,2,1,14081.91,AUD,2026-01-10T12:55:00,COMPLETED
759,5,19,10850.01,JPY,2026-01-10T12:44:00,FAILED
772,17,2,3837.51,SGD,2026-01-11T12:49:00,COMPLETED
493,5,20,5194.83,EUR,2026-01-10T14:35:00,COMPLETED
234,13,11,19475.79,SGD,2026-01-12T15:23:00,COMPLETED
834,17,13,16960.35,CHF,2026-01-10T13:57:00,COMPLETED
357,8,19,10446.04,CAD,2026-01-10T10:17:00,COMPLETED
939,18,15,13557.41,EUR,2026-01-12T14:12:00,COMPLETED
625,9,6,10356.98,CAD,2026-01-12T17:40:00,COMPLETED
737,11,18,11320.01,AUD,2026-01-12T11:09:00,COMPLETED
888,15,8,18517.23,USD,2026-01-10T09:50:00,PENDING
278,20,13,2998.13,JPY,2026-01-10T17:44:00,COMPLETED
448,11,5,1869.7,JPY,2026-01-11T14:32:00,COMPLETED
576,10,2,18533.37,CAD,2026-01-11T13:35:00,COMPLETED
475,11,15,277.34,JPY,2026-01-10T09:22:00,COMPLETED
461,19,8,19480.9,EUR,2026-01-10T11:17:00,COMPLETED
16,14,20,1317.38,CAD,2026-01-12T15:33:00,COMPLETED
72,9,17,9717.71,JPY,2026-01-11T15:04:00,FAILED
435,2,13,1425.08,SGD,2026-01-11T12:20:00,COMPLETED
770,13,20,18785.83,USD,2026-01-12T09:28:00,COMPLETED
739,5,11,1696.77,USD,2026-01-12T14:16:00,COMPLETED
489,14,19,4588.88,USD,2026-01-11T16:26:00,COMPLETED
364,9,13,7332.06,JPY,2026-01-12T16:11:00,PENDING
577,1,9,4101.59,SGD,2026-01-10T13:48:00,COMPLETED
102,10,5,12775.5,SGD,2026-01-10T08:36:00,COMPLETED
399,8,13,9814.7,CHF,2026-01-12T14:24:00,COMPLETED
170,18,7,8629.9,JPY,2026-01-11T13:52:00,COMPLETED
880,1,2,6818.74,AUD,2026-01-12T08:25:00,COMPLETED
9002,7,3,5120.40,GBP,2026-01-12T15:47:00
239,13,12,10286.07,GBP,2026-01-10T10:54:00,COMPLETED
193,6,3,10234.14,EUR,2026-01-12T16:12:00,FAILED
179,10,11,7052.92,GBP,2026-01-10T17:42:00,COMPLETED
562,7,15,16499.86,JPY,2026-01-12T13:06:00,FAILED
857,18,8,7627.03,CAD,2026-01-11T12:09:00,COMPLETED
952,12,17,14672.5,USD,2026-01-11T10:37:00,COMPLETED
522,13,17,6002.2,USD,2026-01-10T10:12:00,COMPLETED
850,20,1,5771.97,EUR,2026-01-10T16:04:00,COMPLETED
367,5,14,15792.08,EUR,2026-01-11T17:30:00,COMPLETED
365,18,1,19062.44,SGD,2026-01-12T11:28:00,COMPLETED
402,12,3,15923.77,CAD,2026-01-10T14:52:00,COMPLETED
147,5,18,17535.39,AUD,2026-01-12T16:58:00,COMPLETED
375,7,17,9684.37,SGD,2026-01-10T15:46:00,PENDING
101,12,6,6080.24,GBP,2026-01-11T08:03:00,COMPLETED
909,17,2,8542.67,CAD,2026-01-11T09:28:00,COMPLETED
885,8,3,16098.85,CAD,2026-01-11T14:20:00,COMPLETED
942,15,18,1797.59,SGD,2026-01-12T14:51:00,COMPLETED
568,5,14,12070.36,CHF,2026-01-12T16:55:00,COMPLETED
774,15,3,14466.8,EUR,2026-01-10T17:57:00,PENDING
142,4,8,7658.22,AUD,2026-01-12T12:44:00,COMPLETED
198,17,3,6242.64,SGD,2026-01-10T08:23:00,COMPLETED
330,14,2,11272.37,JPY,2026-01-12T10:01:00,COMPLETED
667,7,14,14029.22,AUD,2026-01-11T14:17:00,COMPLETED
311,13,3,13670.47,GBP,2026-01-12T13:07:00,COMPLETED
257,11,19,871.83,USD,2026-01-10T08:41:00,FAILED
135,2,20,1414.99,CHF,2026-01-10T09:27:00,COMPLETED
917,15,20,865.44,AUD,2026-01-10T16:45:00,COMPLETED
210,17,18,16710.64,USD,2026-01-12T13:56:00,FAILED
919,16,19,17429.07,JPY,2026-01-12T11:20:00,COMPLETED
139,5,8,9249.94,CHF,2026-01-11T12:42:00,COMPLETED
71,15,6,14885.93,SGD,2026-01-11T12:48:00,COMPLETED
9001,4,11,127O4.55,EUR,2026-01-11T09:12:00,COMPLETED
90,15,5,8737.97,CHF,2026-01-12T16:49:00,COMPLETED
549,15,2,1313.55,AUD,2026-01-10T16:49:00,FAILED
555,15,19,8989.57,SGD,2026-01-11T13:07:00,COMPLETED
420,18,6,15266.38,EUR,2026-01-10T17:04:00,COMPLETED
905,8,10,12092.54,GBP,2026-01-12T16:54:00,COMPLETED
966,4,20,4147.75,JPY,2026-01-10T13:01:00,COMPLETED
990,12,10,6443.63,USD,2026-01-12T08:08:00,COMPLETED
232,16,9,780.58,JPY,2026-01-11T13:55:00,FAILED
81,11,7,9121.25,AUD,2026-01-11T12:48:00,COMPLETED
112,6,10,11921.13,CHF,2026-01-11T09:29:00,PENDING
567,8,9,7987.51,AUD,2026-01-11T15:51:00,COMPLETED
982,1,4,14769.08,EUR,2026-01-11T08:11:00,COMPLETED
992,12,14,7057.82,JPY,2026-01-10T11:41:00,COMPLETED
730,7,11,482.94,CHF,2026-01-12T16:35:00,COMPLETED
777,6,4,1869.27,SGD,2026-01-12T13:05:00,COMPLETED
428,9,6,7468.8,CHF,2026-01-12T09:49:00,COMPLETED
689,16,10,232.2,CAD,2026-01-11T17:14:00,COMPLETED
550,19,8,19559.02,AUD,2026-01-12T16:44:00,PENDING
705,19,4,7946.38,JPY,2026-01-10T08:37:00,PENDING
145,5,4,18072.9,USD,2026-01-11T15:02:00,COMPLETED
226,3,17,10904.44,USD,2026-01-11T15:02:00,PENDING
706,16,20,3142.09,EUR,2026-01-10T10:31:00,COMPLETED
537,20,5,8405.57,EUR,2026-01-12T17:07:00,COMPLETED
485,6,10,19542.3,SGD,2026-01-10T12:50:00,COMPLETED
812,7,11,4051.08,CHF,2026-01-11T16:20:00,FAILED
436,18,15,208.99,JPY,2026-01-11T17:50:00,COMPLETED
968,20,8,10122.94,EUR,2026-01-10T17:48:00,COMPLETED
872,13,9,3074.57,AUD,2026-01-11T17:00:00,COMPLETED
303,18,7,15249.1,EUR,2026-01-12T15:33:00,FAILED
928,10,6,15795.89,JPY,2026-01-11T13:18:00,FAILED
410,4,14,13895.92,SGD,2026-01-10T11:24:00,COMPLETED
266,3,13,10133.62,JPY,2026-01-10T17:22:00,COMPLETED
976,12,6,305.08,SGD,2026-01-12T09:25:00,COMPLETED
983,20,11,3097.1,EUR,2026-01-10T16:49:00,COMPLETED
334,12,6,2842.17,SGD,2026-01-10T16:41:00,COMPLETED
141,10,14,13821.75,SGD,2026-01-11T11:24:00,COMPLETED
467,11,2,487.16,GBP,2026-01-10T16:55:00,COMPLETED
105,10,3,19878.67,EUR,2026-01-12T14:38:00,COMPLETED
106,20,8,15525.09,CAD,2026-01-11T15:19:00,COMPLETED
836,8,14,14059.33,CAD,2026-01-12T13:45:00,COMPLETED
478,8,6,9053.18,USD,2026-01-11T08:20:00,COMPLETED
778,13,17,12260.85,GBP,2026-01-11T16:24:00,COMPLETED
720,16,3,9387.78,USD,2026-01-11T16:47:00,COMPLETED
368,13,18,10156.92,CAD,2026-01-12T08:50:00,COMPLETED
190,13,14,5825.83,CAD,2026-01-10T13:10:00,PENDING
727,14,11,12187.85,JPY,2026-01-11T16:59:00,FAILED
167,15,3,17990.37,AUD,2026-01-12T10:04:00,COMPLETED
376,15,11,1390.13,USD,2026-01-12T09:01:00,COMPLETED
432,1,8,967.33,AUD,2026-01-11T10:11:00,COMPLETED
191,15,12,1808.19,EUR,2026-01-10T14:37:00,COMPLETED
701,4,17,13336.86,JPY,2026-01-11T14:43:00,COMPLETED
890,6,3,14149.49,CHF,2026-01-11T15:44:00,COMPLETED
163,19,11,364.83,CHF,2026-01-10T10:47:00,COMPLETED
74,8,13,13894.3,JPY,2026-01-10T14:26:00,COMPLETED
195,5,3,3584.07,SGD,2026-01-11T17:48:00,COMPLETED
672,16,4,9024.6,AUD,2026-01-11T13:23:00,COMPLETED
63,10,7,8626.27,AUD,2026-01-11T15:28:00,PENDING
2,18,3,11830.33,USD,2026-01-10T09:13:00,COMPLETED
552,13,5,16788.71,USD,2026-01-10T10:32:00,COMPLETED
636,14,12,2176.34,CAD,2026-01-12T17:16:00,COMPLETED
459,12,19,10072.75,CAD,2026-01-11T10:01:00,COMPLETED
891,7,5,12814.52,SGD,2026-01-11T11:11:00,PENDING
805,9,14,1781.62,JPY,2026-01-11T15:53:00,COMPLETED
312,18,13,10600.41,JPY,2026-01-10T08:19:00,COMPLETED
382,17,11,11959.57,CAD,2026-01-12T09:22:00,COMPLETED
406,7,5,17648.85,CHF,2026-01-10T12:05:00,PENDING
286,10,3,6959.95,SGD,2026-01-12T12:47:00,COMPLETED
693,6,5,5827.43,SGD,2026-01-12T15:17:00,PENDING
248,17,8,2471.18,JPY,2026-01-10T11:50:00,COMPLETED
729,10,20,375.23,GBP,2026-01-11T08:19:00,COMPLETED
326,7,11,6098.6,USD,2026-01-10T11:47:00,COMPLETED
211,20,5,11965.07,GBP,2026-01-10T10:53:00,PENDING
349,3,11,12123.12,CAD,2026-01-11T08:40:00,COMPLETED
296,1,11,15825.81,JPY,2026-01-10T17:54:00,PENDING
200,2,15,18185.55,JPY,2026-01-11T17:30:00,COMPLETED
279,7,1,8848.72,CAD,2026-01-10T14:44:00,COMPLETED
741,16,13,13062.36,JPY,2026-01-12T17:47:00,COMPLETED
176,5,16,4523.69,EUR,2026-01-11T16:23:00,COMPLETED
796,7,1,12830.34,CHF,2026-01-11T09:19:00,COMPLETED
426,2,10,13338.29,GBP,2026-01-10T08:45:00,COMPLETED
457,3,9,7691.15,CAD,2026-01-10T16:15:00,PENDING
340,20,17,5085.74,AUD,2026-01-11T14:05:00,COMPLETED
272,7,20,10206.99,USD,2026-01-10T08:08:00,FAILED
157,15,8,17116.23,EUR,2026-01-12T13:34:00,PENDING
28,9,16,4324.02,GBP,2026-01-12T17:36:00,COMPLETED
855,6,7,11576.26,AUD,2026-01-10T12:48:00,COMPLETED
118,6,11,8262.32,SGD,2026-01-11T14:52:00,FAILED
830,13,11,9911.19,USD,2026-01-10T11:52:00,COMPLETED
287,7,18,5459.1,CHF,2026-01-10T09:39:00,FAILED
893,12,14,141.17,JPY,2026-01-10T09:33:00,COMPLETED
299,9,11,6073.82,USD,2026-01-11T13:44:00,COMPLETED
172,12,5,13752.08,SGD,2026-01-10T09:53:00,COMPLETED
319,10,9,1266.1,GBP,2026-01-12T14:35:00,COMPLETED
132,4,15,2039.25,SGD,2026-01-10T10:26:00,PENDING
964,16,14,898.21,EUR,2026-01-10T16:37:00,COMPLETED
39,8,19,11910.66,EUR,2026-01-11T17:36:00,COMPLETED
69,18,8,18353.53,EUR,2026-01-11T10:51:00,COMPLETED
401,11,19,99.34,EUR,2026-01-12T15:40:00,PENDING
314,9,7,18751.34,EUR,2026-01-10T14:39:00,FAILED
91,15,14,16523.41,CHF,2026-01-11T11:53:00,COMPLETED
415,8,9,12910.18,JPY,2026-01-12T17:38:00,FAILED
816,18,15,1061.99,USD,2026-01-11T08:06:00,COMPLETED
304,12,3,18349.03,EUR,2026-01-10T16:57:00,COMPLETED
618,9,19,10909.78,GBP,2026-01-11T14:23:00,COMPLETED
869,16,4,2920.26,CAD,2026-01-10T17:41:00,COMPLETED
31,11,4,5010.69,JPY,2026-01-12T15:08:00,COMPLETED
714,6,1,12413.71,AUD,2026-01-12T11:20:00,FAILED
473,8,19,2127.0,SGD,2026-01-10T13:47:00,COMPLETED
526,3,5,12308.87,CAD,2026-01-11T14:30:00,COMPLETED
111,14,4,10914.02,GBP,2026-01-11T10:04:00,COMPLETED
709,12,15,14677.12,USD,2026-01-12T14:22:00,FAILED
17,18,1,13621.65,EUR,2026-01-12T16:48:00,COMPLETED
486,16,9,1868.18,CAD,2026-01-10T13:56:00,COMPLETED
331,18,19,11603.9,CAD,2026-01-11T10:12:00,COMPLETED
129,12,11,11060.75,CAD,2026-01-11T13:55:00,COMPLETED
833,10,14,14369.93,AUD,2026-01-10T17:00:00,PENDING
362,11,20,18948.21,JPY,2026-01-11T13:11:00,COMPLETED
259,18,10,12856.05,CHF,2026-01-11T11:51:00,PENDING
215,17,14,19327.05,JPY,2026-01-12T10:55:00,COMPLETED
67,19,7,14381.0,CAD,2026-01-11T14:15:00,COMPLETED
584,3,12,4462.9,JPY,2026-01-12T13:21:00,COMPLETED
297,13,14,10329.85,EUR,2026-01-11T09:11:00,COMPLETED
13,15,5,5334.36,JPY,2026-01-12T16:34:00,COMPLETED
143,1,13,5525.88,USD,2026-01-12T15:53:00,COMPLETED
912,6,15,17165.55,USD,2026-01-11T15:49:00,COMPLETED
629,4,1,4086.85,CAD,2026-01-10T17:06:00,COMPLETED
78,16,1,7807.7,CAD,2026-01-12T10:53:00,COMPLETED
996,19,13,6482.31,EUR,2026-01-11T09:44:00,PENDING
460,20,8,634.6,CHF,2026-01-10T15:33:00,COMPLETED
456,20,8,12963.2,SGD,2026-01-11T16:30:00,COMPLETED
26,11,1,11786.76,JPY,2026-01-12T11:00:00,COMPLETED
937,1,13,12369.56,JPY,2026-01-11T13:05:00,COMPLETED
343,1,6,1699.59,CAD,2026-01-12T13:36:00,COMPLETED
624,19,6,2737.74,USD,2026-01-12T10:03:00,COMPLETED
52,6,14,544.49,AUD,2026-01-11T11:17:00,COMPLETED
396,7,2,11422.98,CHF,2026-01-12T16:10:00,COMPLETED
34,7,13,18053.74,GBP,2026-01-11T08:24:00,COMPLETED
600,20,13,10766.18,EUR,2026-01-11T11:47:00,FAILED
652,19,9,13899.13,CAD,2026-01-12T15:49:00,COMPLETED
23,18,5,2611.41,SGD,2026-01-12T10:16:00,COMPLETED
977,17,3,2428.4,CAD,2026-01-11T17:06:00,FAILED
264,14,8,19255.58,GBP,2026-01-11T17:46:00,COMPLETED
73,10,8,5470.72,AUD,2026-01-12T09:08:00,COMPLETED
628,11,15,11950.84,EUR,2026-01-10T14:24:00,COMPLETED
160,7,3,16604.87,JPY,2026-01-12T11:52:00,COMPLETED
390,1,8,5877.19,CHF,2026-01-10T16:18:00,COMPLETED
545,3,12,16308.54,GBP,2026-01-10T14:25:00,COMPLETED
731,19,5,1931.03,SGD,2026-01-11T10:08:00,COMPLETED
678,20,13,5461.4,SGD,2026-01-11T17:33:00,COMPLETED
692,20,9,5729.3,CHF,2026-01-11T11:54:00,COMPLETED
781,7,1,12470.08,CHF,2026-01-10T15:31:00,COMPLETED
894,20,12,17261.48,JPY,2026-01-11T11:17:00,COMPLETED
797,17,18,6512.28,USD,2026-01-10T13:21:00,COMPLETED
843,18,19,7371.05,USD,2026-01-12T15:45:00,COMPLETED
899,11,14,4015.09,AUD,2026-01-10T09:20:00,COMPLETED
732,12,19,5034.65,CHF,2026-01-11T09:36:00,COMPLETED
793,17,16,9875.46,GBP,2026-01-12T11:45:00,COMPLETED
799,16,2,12930.76,SGD,2026-01-10T15:57:00,COMPLETED
100,9,19,19533.31,CHF,2026-01-10T11:18:00,COMPLETED
183,3,9,8890.1,CAD,2026-01-11T17:28:00,COMPLETED
186,2,1,4128.24,JPY,2026-01-10T12:18:00,COMPLETED
302,5,16,3106.05,AUD,2026-01-11T16:58:00,COMPLETED
468,3,12,14105.53,CAD,2026-01-12T09:21:00,COMPLETED
764,20,9,12131.81,JPY,2026-01-12T11:14:00,PENDING
607,8,14,5569.76,AUD,2026-01-10T13:56:00,COMPLETED
113,10,13,18856.39,SGD,2026-01-11T09:38:00,COMPLETED
619,3,17,5069.15,JPY,2026-01-12T14:22:00,COMPLETED
951,12,19,9635.69,CAD,2026-01-11T15:44:00,COMPLETED
225,1,20,7088.68,CAD,2026-01-10T09:33:00,COMPLETED
177,9,19,4561.87,CAD,2026-01-12T17:39:00,PENDING
626,10,3,4371.04,SGD,2026-01-11T10:14:00,COMPLETED
99,4,7,6345.18,GBP,2026-01-10T11:47:00,COMPLETED
837,13,14,10925.12,GBP,2026-01-11T10:12:00,COMPLETED
768,7,3,3582.71,SGD,2026-01-12T15:44:00,COMPLETED
307,14,15,11300.03,SGD,2026-01-12T12:46:00,COMPLETED
957,19,12,16475.13,USD,2026-01-10T16:18:00,COMPLETED
671,19,2,7998.12,GBP,2026-01-10T11:52:00,COMPLETED
715,3,18,16390.04,JPY,2026-01-12T15:49:00,COMPLETED
293,6,10,17541.03,USD,2026-01-11T17:38:00,COMPLETED
811,4,17,15335.29,CHF,2026-01-10T17:48:00,COMPLETED
466,16,1,6668.09,JPY,2026-01-10T13:45:00,COMPLETED
378,11,18,8556.07,SGD,2026-01-10T14:40:00,COMPLETED
889,20,13,15564.35,USD,2026-01-11T09:00:00,COMPLETED
33,18,1,19381.48,JPY,2026-01-10T14:31:00,COMPLETED
728,9,12,19234.95,SGD,2026-01-11T08:46:00,COMPLETED
895,7,4,15942.43,SGD,2026-01-11T10:10:00,PENDING
356,11,13,296.2,CAD,2026-01-11T09:46:00,COMPLETED
722,10,3,18894.84,EUR,2026-01-10T11:34:00,COMPLETED
32,6,9,9279.43,EUR,2026-01-11T16:06:00,COMPLETED
563,14,2,18536.2,EUR,2026-01-11T15:42:00,COMPLETED
458,18,1,19788.6,AUD,2026-01-11T16:50:00,COMPLETED
531,12,7,3339.43,CAD,2026-01-10T11:14:00,FAILED
360,7,15,2184.1,CHF,2026-01-10T14:21:00,PENDING
494,18,11,17139.65,SGD,2026-01-10T17:37:00,COMPLETED
877,13,4,12630.81,AUD,2026-01-11T09:56:00,PENDING
19,9,17,15251.15,EUR,2026-01-12T12:53:00,PENDING
424,18,11,7845.09,EUR,2026-01-11T14:46:00,COMPLETED
284,7,16,6374.96,AUD,2026-01-12T12:18:00,COMPLETED
430,16,15,10240.1,USD,2026-01-11T17:10:00,COMPLETED
213,8,15,12231.38,SGD,2026-01-10T16:15:00,COMPLETED
911,12,10,4819.29,EUR,2026-01-10T15:42:00,COMPLETED
53,4,13,17449.73,SGD,2026-01-10T11:52:00,COMPLETED
543,11,14,14783.88,EUR,2026-01-10T08:54:00,COMPLETED
171,13,14,14605.77,AUD,2026-01-11T13:42:00,COMPLETED
534,2,4,13088.67,USD,2026-01-10T09:26:00,COMPLETED
201,5,2,9037.94,AUD,2026-01-12T09:32:00,PENDING
496,4,19,15601.92,CHF,2026-01-12T13:56:00,COMPLETED
151,12,9,11711.97,AUD,2026-01-10T11:30:00,COMPLETED
104,13,16,1527.94,USD,2026-01-10T10:51:00,COMPLETED
532,5,7,14694.83,GBP,2026-01-10T13:45:00,PENDING
752,17,4,18082.25,SGD,2026-01-12T16:05:00,COMPLETED
589,7,11,10302.2,EUR,2026-01-10T16:34:00,COMPLETED
523,14,19,17862.26,SGD,2026-01-10T13:55:00,FAILED
936,4,16,18008.48,GBP,2026-01-12T16:07:00,COMPLETED
249,1,12,11102.73,AUD,2026-01-11T16:08:00,PENDING
228,4,19,14716.98,AUD,2026-01-10T08:22:00,COMPLETED
641,11,18,12299.81,USD,2026-01-10T14:40:00,COMPLETED
883,5,1,3486.37,USD,2026-01-11T09:29:00,PENDING
353,4,3,153.64,CHF,2026-01-11T13:48:00,COMPLETED
12,13,9,1370.46,AUD,2026-01-10T15:25:00,PENDING
449,10,9,16410.79,GBP,2026-01-10T14:54:00,COMPLETED
970,4,7,18413.52,SGD,2026-01-11T17:11:00,COMPLETED
76,19,1,17141.8,CAD,2026-01-11T08:22:00,COMPLETED
786,10,11,18411.67,USD,2026-01-10T14:11:00,COMPLETED
756,1,18,18984.87,JPY,2026-01-10T13:57:00,COMPLETED
346,19,5,15057.48,CAD,2026-01-10T12:10:00,COMPLETED
606,5,19,11358.89,AUD,2026-01-11T10:00:00,COMPLETED
965,16,4,18175.16,USD,2026-01-10T12:42:00,COMPLETED
583,6,17,1410.12,GBP,2026-01-11T16:34:00,COMPLETED
422,17,14,8500.33,CAD,2026-01-10T16:34:00,PENDING
870,15,9,2110.58,EUR,2026-01-10T17:46:00,COMPLETED
632,17,14,4628.25,SGD,2026-01-11T13:37:00,FAILED
948,15,8,585.46,USD,2026-01-10T12:19:00,PENDING
108,7,9,13225.54,GBP,2026-01-10T10:35:00,COMPLETED
14,19,14,17961.57,CAD,2026-01-11T11:08:00,COMPLETED
536,1,10,8446.39,EUR,2026-01-12T16:17:00,PENDING
780,2,14,6195.84,SGD,2026-01-11T10:07:00,COMPLETED
828,4,19,11941.71,AUD,2026-01-12T09:52:00,COMPLETED
631,20,18,16559.06,CAD,2026-01-12T14:23:00,COMPLETED
8,2,8,15472.71,EUR,2026-01-10T09:24:00,COMPLETED
70,17,18,11929.27,SGD,2026-01-12T16:27:00,COMPLETED
65,20,11,1913.07,JPY,2026-01-12T12:14:00,COMPLETED
518,4,16,2602.49,CHF,2026-01-12T16:48:00,COMPLETED
578,18,20,3969.56,JPY,2026-01-11T15:11:00,PENDING
354,4,5,1791.58,CAD,2026-01-11T16:35:00,COMPLETED
541,3,4,18100.35,JPY,2026-01-11T12:16:00,COMPLETED
898,16,17,2365.5,JPY,2026-01-12T15:37:00,COMPLETED
795,20,14,8310.12,AUD,2026-01-11T16:51:00,PENDING
156,20,14,18784.11,CHF,2026-01-10T13:13:00,COMPLETED
250,3,10,7993.29,SGD,2026-01-12T14:49:00,COMPLETED
557,20,10,17807.71,JPY,2026-01-12T15:21:00,COMPLETED
862,1,3,288.63,EUR,2026-01-12T09:43:00,COMPLETED
208,14,17,7268.47,AUD,2026-01-11T10:13:00,COMPLETED
963,7,5,19623.14,CAD,2026-01-12T09:04:00,COMPLETED
858,14,1,5811.4,SGD,2026-01-11T13:33:00,PENDING
751,9,12,17292.43,USD,2026-01-11T14:14:00,COMPLETED
981,15,4,2487.69,SGD,2026-01-11T11:40:00,COMPLETED
7,13,3,11063.21,AUD,2026-01-12T11:45:00,COMPLETED
60,11,20,6312.62,EUR,2026-01-12T12:32:00,COMPLETED
203,6,12,7488.4,CHF,2026-01-11T14:49:00,COMPLETED
3,17,20,579.39,JPY,2026-01-12T16:26:00,COMPLETED
10,3,20,12717.82,JPY,2026-01-10T15:24:00,COMPLETED
930,18,10,3686.5,GBP,2026-01-12T10:10:00,COMPLETED
558,2,8,16894.13,AUD,2026-01-12T17:38:00,COMPLETED
575,18,8,14861.13,CAD,2026-01-10T16:50:00,PENDING
345,9,18,11292.02,USD,2026-01-10T13:01:00,COMPLETED
515,11,5,14439.6,SGD,2026-01-11T12:58:00,COMPLETED
923,13,6,5803.04,EUR,2026-01-10T10:17:00,COMPLETED
980,13,12,9542.73,CAD,2026-01-11T16:17:00,COMPLETED
95,3,8,14415.49,SGD,2026-01-12T11:44:00,COMPLETED
726,15,12,18054.58,AUD,2026-01-11T14:48:00,PENDING
959,8,7,15912.38,EUR,2026-01-11T15:58:00,COMPLETED
438,5,1,18651.33,USD,2026-01-10T16:22:00,PENDING
602,9,7,2336.72,USD,2026-01-12T15:41:00,COMPLETED
320,2,12,18834.65,CAD,2026-01-12T13:44:00,COMPLETED
231,7,2,6346.14,CHF,2026-01-12T14:52:00,COMPLETED
344,17,2,4633.84,SGD,2026-01-11T08:59:00,COMPLETED
233,2,11,5500.67,AUD,2026-01-11T14:47:00,COMPLETED
371,14,4,260.43,CHF,2026-01-10T16:47:00,COMPLETED
301,10,4,12792.29,CHF,2026-01-11T17:14:00,COMPLETED
161,11,5,15783.44,USD,2026-01-11T10:08:00,COMPLETED
565,19,16,18491.2,GBP,2026-01-12T17:11:00,FAILED
754,10,11,9824.16,GBP,2026-01-10T13:43:00,COMPLETED
214,16,7,7388.43,SGD,2026-01-11T12:49:00,COMPLETED
801,10,19,14513.03,AUD,2026-01-12T16:01:00,COMPLETED
807,3,15,10144.59,SGD,2026-01-12T10:12:00,COMPLETED
202,6,2,4992.49,SGD,2026-01-11T16:33:00,PENDING
94,9,11,5629.19,CHF,2026-01-12T08:33:00,COMPLETED
499,8,2,14927.71,CHF,2026-01-11T08:21:00,COMPLETED
237,20,14,3374.56,SGD,2026-01-11T15:02:00,FAILED
397,10,19,5383.49,EUR,2026-01-10T14:58:00,COMPLETED
614,6,17,2850.4,GBP,2026-01-10T17:36:00,PENDING
59,1,17,18515.22,JPY,2026-01-11T14:04:00,PENDING
785,12,2,2950.22,USD,2026-01-12T17:53:00,COMPLETED
856,2,6,9307.1,SGD,2026-01-11T15:47:00,FAILED
750,7,20,5462.06,SGD,2026-01-12T08:04:00,COMPLETED
300,2,4,9334.63,GBP,2026-01-11T16:59:00,FAILED
500,10,9,16864.79,EUR,2026-01-10T10:19:00,FAILED
182,20,3,17672.68,GBP,2026-01-10T17:03:00,PENDING
130,8,19,7690.27,CAD,2026-01-10T13:47:00,COMPLETED
510,20,1,4514.21,CHF,2026-01-12T12:27:00,COMPLETED
369,18,20,12781.7,EUR,2026-01-10T11:42:00,PENDING
339,14,6,2184.98,EUR,2026-01-12T10:15:00,COMPLETED
491,2,17,11445.84,GBP,2026-01-10T15:11:00,COMPLETED
49,5,18,768.76,AUD,2026-01-12T16:09:00,COMPLETED
927,11,16,11887.48,SGD,2026-01-11T12:36:00,COMPLETED
846,3,18,15972.06,CHF,2026-01-12T08:57:00,COMPLETED
783,16,15,8232.52,EUR,2026-01-12T17:00:00,COMPLETED
699,7,9,16354.15,USD,2026-01-10T11:24:00,FAILED
439,1,11,79.17,CAD,2026-01-12T12:06:00,COMPLETED
818,15,20,7144.71,AUD,2026-01-10T16:05:00,FAILED
40,11,9,4124.97,AUD,2026-01-10T12:25:00,COMPLETED
283,7,8,5616.18,CHF,2026-01-10T12:49:00,COMPLETED
25,12,15,17997.3,SGD,2026-01-10T11:14:00,COMPLETED
533,2,13,17537.06,CHF,2026-01-12T17:03:00,COMPLETED
554,2,17,4493.0,CAD,2026-01-11T11:05:00,COMPLETED
698,5,2,5366.75,CAD,2026-01-10T16:30:00,COMPLETED
757,5,3,14611.3,JPY,2026-01-11T11:36:00,COMPLETED
128,10,19,11619.47,SGD,2026-01-10T15:34:00,COMPLETED
418,16,13,2299.24,SGD,2026-01-12T17:04:00,COMPLETED
734,19,4,11924.86,CHF,2026-01-10T17:24:00,COMPLETED
879,13,3,15865.15,CHF,2026-01-11T16:53:00,COMPLETED
77,13,14,10787.5,JPY,2026-01-11T11:17:00,COMPLETED
918,18,7,2811.2,AUD,2026-01-10T16:07:00,PENDING
920,9,17,13620.52,CHF,2026-01-10T09:23:00,COMPLETED
477,16,13,7057.06,CAD,2026-01-10T15:50:00,COMPLETED
41,10,15,6357.74,EUR,2026-01-10T15:39:00,COMPLETED
838,13,12,16807.26,GBP,2026-01-11T10:08:00,COMPLETED
240,15,2,2568.29,JPY,2026-01-12T13:23:00,COMPLETED
814,18,17,2092.39,AUD,2026-01-12T13:17:00,COMPLETED
611,19,7,18130.76,CHF,2026-01-12T16:30:00,PENDING
651,3,17,5920.32,EUR,2026-01-12T12:56:00,COMPLETED
635,1,19,10474.69,USD,2026-01-11T11:44:00,COMPLETED
443,14,5,4773.6,CHF,2026-01-11T14:44:00,FAILED
586,12,15,4844.94,JPY,2026-01-10T13:24:00,COMPLETED
254,8,12,18952.29,CHF,2026-01-10T12:12:00,PENDING
80,3,14,2757.2,SGD,2026-01-10T08:16:00,COMPLETED
821,13,6,14007.31,AUD,2026-01-11T15:31:00,COMPLETED
352,5,13,14247.96,GBP,2026-01-12T14:20:00,COMPLETED
9003,12,9,8033.19,XXL,2026-01-10T11:05:00,PENDING
484,14,3,5926.26,SGD,2026-01-10T09:01:00,COMPLETED
932,7,18,14157.33,AUD,2026-01-11T10:23:00,COMPLETED
347,8,19,16701.28,CAD,2026-01-12T16:21:00,COMPLETED
238,12,20,19963.1,CHF,2026-01-12T08:04:00,PENDING
997,7,11,9959.79,AUD,2026-01-10T17:19:00,COMPLETED
648,7,17,356.56,EUR,2026-01-10T16:18:00,FAILED
886,19,18,2789.72,JPY,2026-01-10T17:11:00,COMPLETED
502,7,14,14831.85,AUD,2026-01-10T16:50:00,COMPLETED
974,16,4,7726.38,SGD,2026-01-12T12:43:00,COMPLETED
323,17,5,7798.96,CHF,2026-01-10T13:41:00,COMPLETED
223,4,2,4806.87,SGD,2026-01-10T09:53:00,COMPLETED
551,20,4,8685.32,JPY,2026-01-11T13:42:00,PENDING
315,1,8,4161.33,EUR,2026-01-12T08:28:00,COMPLETED
471,13,10,14693.2,CHF,2026-01-10T10:46:00,COMPLETED
921,15,16,10053.93,EUR,2026-01-11T16:43:00,COMPLETED
452,9,3,484.91,EUR,2026-01-10T15:51:00,COMPLETED
388,1,16,2773.87,CAD,2026-01-12T16:41:00,COMPLETED
623,16,7,11836.28,CAD,2026-01-10T11:02:00,COMPLETED
514,9,10,3807.78,JPY,2026-01-10T17:25:00,PENDING
943,10,6,16123.17,CAD,2026-01-12T14:08:00,COMPLETED
711,18,16,3836.03,GBP,2026-01-12T13:20:00,FAILED
138,6,3,12209.36,CAD,2026-01-12T11:31:00,COMPLETED
853,9,8,9724.12,USD,2026-01-11T09:09:00,COMPLETED
556,1,4,8098.62,USD,2026-01-12T16:00:00,COMPLETED
787,10,20,13235.45,GBP,2026-01-11T17:23:00,COMPLETED
229,11,6,16616.15,SGD,2026-01-12T15:40:00,COMPLETED
251,19,3,2550.27,AUD,2026-01-12T09:28:00,COMPLETED
760,17,5,8629.78,GBP,2026-01-12T17:58:00,COMPLETED
649,18,19,6994.5,CHF,2026-01-10T17:12:00,COMPLETED
871,15,1,17935.42,GBP,2026-01-12T08:59:00,COMPLETED
540,1,3,18142.26,SGD,2026-01-10T09:49:00,COMPLETED
864,3,2,18773.18,JPY,2026-01-12T09:45:00,COMPLETED
697,16,12,9300.51,USD,2026-01-11T09:53:00,FAILED
723,7,17,13154.69,GBP,2026-01-12T16:26:00,FAILED
946,18,15,14219.43,GBP,2026-01-10T10:53:00,COMPLETED
579,3,6,19251.38,EUR,2026-01-11T08:27:00,COMPLETED
351,13,3,15454.74,CHF,2026-01-10T09:05:00,COMPLETED
719,19,9,1029.26,JPY,2026-01-12T09:00:00,COMPLETED
159,7,20,19423.31,USD,2026-01-11T11:08:00,COMPLETED
524,6,3,9777.24,GBP,2026-01-11T08:00:00,COMPLETED
413,7,5,18401.89,SGD,2026-01-10T09:57:00,COMPLETED
861,8,19,15421.42,AUD,2026-01-12T10:20:00,COMPLETED
222,5,18,18807.51,CAD,2026-01-10T12:15:00,COMPLETED
800,11,15,15690.58,CAD,2026-01-12T08:53:00,COMPLETED
915,9,20,10871.58,JPY,2026-01-12T09:39:00,COMPLETED
634,10,20,17541.49,CAD,2026-01-11T11:00:00,FAILED
954,12,14,12743.13,AUD,2026-01-10T12:18:00,COMPLETED
542,2,4,16272.91,USD,2026-01-11T13:51:00,PENDING
749,5,1,7563.3,USD,2026-01-11T10:03:00,COMPLETED
386,16,18,13883.99,GBP,2026-01-12T10:31:00,COMPLETED
989,17,2,7858.13,SGD,2026-01-12T14:39:00,PENDING
645,7,17,5755.83,USD,2026-01-12T16:33:00,PENDING
904,5,4,17040.44,SGD,2026-01-11T10:48:00,COMPLETED
967,5,9,18978.39,AUD,2026-01-11T10:54:00,COMPLETED
199,3,20,11901.89,CAD,2026-01-11T17:35:00,FAILED
525,9,7,15235.81,GBP,2026-01-12T10:31:00,FAILED
107,14,10,11394.16,USD,2026-01-12T09:48:00,COMPLETED
437,20,8,9305.34,SGD,2026-01-10T16:48:00,COMPLETED
696,8,3,3056.14,SGD,2026-01-10T13:26:00,COMPLETED
593,6,9,11183.78,JPY,2026-01-11T14:24:00,COMPLETED
501,15,11,5424.93,CAD,2026-01-12T09:12:00,COMPLETED
598,5,13,15945.57,CHF,2026-01-12T10:19:00,PENDING
395,7,19,13798.22,CAD,2026-01-10T17:08:00,COMPLETED
495,14,4,8318.13,GBP,2026-01-12T17:37:00,FAILED
123,20,8,14210.17,CHF,2026-01-12T08:35:00,COMPLETED
601,12,7,8282.46,GBP,2026-01-10T10:14:00,PENDING
592,5,1,9211.54,AUD,2026-01-10T09:04:00,COMPLETED
841,14,18,16410.42,CAD,2026-01-11T11:11:00,COMPLETED
48,9,6,14837.56,CAD,2026-01-12T08:07:00,COMPLETED
669,18,14,17133.36,JPY,2026-01-10T10:30:00,COMPLETED
986,11,13,8879.0,USD,2026-01-10T10:35:00,PENDING
488,9,19,1279.71,EUR,2026-01-10T13:51:00,COMPLETED
769,15,8,8579.74,USD,2026-01-12T14:46:00,COMPLETED
569,18,7,4057.74,CHF,2026-01-12T13:58:00,PENDING
381,6,12,6553.4,SGD,2026-01-10T12:42:00,COMPLETED
746,2,8,18981.37,GBP,2026-01-11T08:21:00,PENDING
409,5,19,4562.51,SGD,2026-01-10T08:44:00,COMPLETED
166,1,2,19971.81,CAD,2026-01-11T09:31:00,FAILED
587,13,9,10827.73,CHF,2026-01-10T16:52:00,FAILED
50,5,2,6199.75,USD,2026-01-11T11:43:00,COMPLETED
217,10,3,15274.18,CHF,2026-01-11T16:09:00,COMPLETED
133,5,3,9416.34,CHF,2026-01-11T17:44:00,COMPLETED
333,11,9,15279.04,SGD,2026-01-12T15:29:00,COMPLETED
464,12,19,11293.95,JPY,2026-01-11T16:19:00,COMPLETED
45,9,4,17799.77,GBP,2026-01-11T12:38:00,COMPLETED
847,18,1,9403.93,SGD,2026-01-12T13:26:00,COMPLETED
620,16,20,181.62,GBP,2026-01-11T10:14:00,COMPLETED
276,4,14,11694.86,USD,2026-01-12T15:16:00,PENDING
875,3,12,10715.79,AUD,2026-01-10T15:48:00,FAILED
492,7,5,901.38,EUR,2026-01-12T14:12:00,PENDING
472,19,13,17022.6,USD,2026-01-10T17:20:00,PENDING
84,5,16,13405.7,JPY,2026-01-11T12:49:00,COMPLETED
653,11,15,13647.81,USD,2026-01-11T09:16:00,COMPLETED
158,12,2,7992.89,JPY,2026-01-10T15:05:00,PENDING
639,16,9,19770.74,AUD,2026-01-12T14:47:00,COMPLETED
109,6,1,8199.93,SGD,2026-01-11T08:14:00,COMPLETED
383,15,20,3491.92,CHF,2026-01-12T17:05:00,PENDING
404,19,16,15776.66,USD,2026-01-10T09:40:00,COMPLETED
790,14,17,4236.42,JPY,2026-01-12T08:06:00,COMPLETED
292,2,6,8386.81,GBP,2026-01-10T14:50:00,COMPLETED
27,2,8,1394.64,USD,2026-01-11T09:32:00,COMPLETED
337,17,15,7495.35,SGD,2026-01-12T15:01:00,COMPLETED
97,8,10,13296.0,AUD,2026-01-11T16:33:00,COMPLETED
511,12,15,5077.37,SGD,2026-01-11T16:52:00,PENDING
914,1,3,7728.34,AUD,2026-01-12T08:18:00,COMPLETED
1005,10,6,754.76,CHF,2026-01-12T17:16:00,COMPLETED
427,1,6,9953.44,AUD,2026-01-12T16:50:00,FAILED
789,3,10,9442.8,EUR,2026-01-12T12:21:00,COMPLETED
676,15,5,17371.74,AUD,2026-01-11T17:36:00,COMPLETED
5,5,7,19146.4,AUD,2026-01-10T09:24:00,COMPLETED
637,18,14,11315.17,CHF,2026-01-12T14:48:00,COMPLETED
902,15,6,7777.24,GBP,2026-01-11T11:40:00,COMPLETED
521,19,20,1470.75,JPY,2026-01-12T09:55:00,PENDING
690,18,12,3811.99,CAD,2026-01-11T11:10:00,FAILED
656,11,3,11113.3,GBP,2026-01-11T13:22:00,COMPLETED
291,11,10,12935.66,EUR,2026-01-12T17:14:00,COMPLETED
670,6,14,10016.98,AUD,2026-01-11T12:16:00,COMPLETED
96,16,15,15869.01,EUR,2026-01-11T11:25:00,PENDING
358,9,16,2961.4,GBP,2026-01-11T12:26:00,COMPLETED
127,3,9,15464.87,CAD,2026-01-11T16:17:00,COMPLETED
949,16,4,13093.57,CHF,2026-01-11T10:31:00,PENDING
897,15,2,2133.2,USD,2026-01-12T10:10:00,COMPLETED
605,7,11,9742.93,AUD,2026-01-12T12:44:00,COMPLETED
469,11,5,19518.42,CAD,2026-01-12T15:41:00,COMPLETED
497,9,13,13113.01,SGD,2026-01-10T10:17:00,COMPLETED
366,3,14,13475.9,GBP,2026-01-12T12:15:00,COMPLETED
453,3,11,2494.43,SGD,2026-01-10T10:59:00,COMPLETED
42,4,3,10775.81,CHF,2026-01-10T13:56:00,COMPLETED
666,9,16,19172.61,AUD,2026-01-11T10:31:00,COMPLETED
119,18,2,9123.78,AUD,2026-01-11T13:07:00,FAILED
582,20,10,9836.49,AUD,2026-01-10T13:33:00,COMPLETED
969,17,7,14330.44,CHF,2026-01-10T16:00:00,FAILED
168,9,20,12679.88,AUD,2026-01-11T17:33:00,COMPLETED
596,4,10,15748.49,CHF,2026-01-12T09:18:00,FAILED
482,7,14,13959.07,CHF,2026-01-12T12:19:00,COMPLETED
37,19,16,10081.87,GBP,2026-01-10T16:05:00,COMPLETED
188,8,17,11196.54,AUD,2026-01-10T14:55:00,FAILED
236,18,10,6458.17,EUR,2026-01-11T12:19:00,COMPLETED
887,3,4,5514.17,CAD,2026-01-10T13:35:00,COMPLETED
683,10,15,12548.29,GBP,2026-01-12T10:01:00,COMPLETED
658,8,9,4175.23,JPY,2026-01-10T17:22:00,COMPLETED
55,13,11,5608.13,EUR,2026-01-11T13:41:00,COMPLETED
832,20,19,8970.84,JPY,2026-01-12T13:19:00,COMPLETED
570,5,6,10102.67,AUD,2026-01-12T09:48:00,COMPLETED
947,10,18,9837.18,CHF,2026-01-12T12:31:00,COMPLETED
842,20,1,11579.87,JPY,2026-01-12T16:17:00,COMPLETED
324,15,12,1894.66,JPY,2026-01-10T12:24:00,PENDING
169,15,17,12128.26,EUR,2026-01-12T09:54:00,PENDING
908,8,19,18927.73,USD,2026-01-11T08:02:00,COMPLETED
594,13,14,6362.26,CAD,2026-01-12T09:34:00,COMPLETED
530,10,15,14570.25,AUD,2026-01-11T10:21:00,COMPLETED
271,4,13,7495.31,AUD,2026-01-12T13:48:00,COMPLETED
270,17,15,15299.86,CHF,2026-01-12T17:07:00,COMPLETED
659,4,3,13532.45,SGD,2026-01-12T08:48:00,COMPLETED
441,8,17,8290.48,AUD,2026-01-11T09:37:00,COMPLETED
370,12,6,12957.65,USD,2026-01-12T14:48:00,COMPLETED
288,19,8,4887.04,JPY,2026-01-12T11:03:00,COMPLETED
975,8,18,8175.28,CAD,2026-01-10T09:57:00,COMPLETED
131,13,5,9931.81,USD,2026-01-10T16:37:00,COMPLETED
46,11,7,13765.57,CHF,2026-01-12T15:16:00,COMPLETED
913,13,6,15807.68,AUD,2026-01-12T15:45:00,PENDING
120,13,17,16507.3,USD,2026-01-12T16:29:00,COMPLETED
713,10,9,10855.04,SGD,2026-01-10T16:24:00,FAILED
146,12,5,1848.16,CHF,2026-01-11T14:11:00,COMPLETED
998,14,7,9964.19,EUR,2026-01-12T11:18:00,COMPLETED
544,6,11,7182.67,SGD,2026-01-12T12:56:00,FAILED
773,15,6,8478.12,USD,2026-01-12T16:57:00,COMPLETED
682,20,5,1732.01,CAD,2026-01-11T11:15:00,FAILED
622,4,8,8321.54,AUD,2026-01-12T09:30:00,PENDING
480,11,20,19706.26,SGD,2026-01-12T08:27:00,PENDING
348,5,3,10040.82,AUD,2026-01-10T09:27:00,COMPLETED
505,2,12,14107.45,CHF,2026-01-11T15:32:00,COMPLETED
516,13,2,11681.32,JPY,2026-01-11T11:43:00,COMPLETED
174,18,11,13416.76,CAD,2026-01-11T14:55:00,FAILED
684,12,11,17291.61,SGD,2026-01-12T12:35:00,COMPLETED
184,9,7,15111.12,EUR,2026-01-11T14:07:00,COMPLETED
859,2,4,18358.36,AUD,2026-01-11T17:58:00,PENDING
43,8,12,5735.5,SGD,2026-01-12T12:39:00,PENDING
573,7,9,15016.19,GBP,2026-01-11T12:09:00,COMPLETED
136,4,15,3368.98,CHF,2026-01-10T08:20:00,COMPLETED
380,1,7,4155.4,EUR,2026-01-12T09:51:00,COMPLETED
405,1,4,18592.19,GBP,2026-01-11T15:00:00,COMPLETED
1002,9,3,484.91,EUR,2026-01-10T15:51:00,COMPLETED
391,15,19,14863.24,SGD,2026-01-12T16:07:00,COMPLETED
1001,19,18,7027.71,GBP,2026-01-11T09:18:00,COMPLETED
798,19,20,19204.25,GBP,2026-01-10T13:53:00,COMPLETED
6,12,20,5327.19,USD,2026-01-12T15:34:00,COMPLETED
47,3,14,16595.49,USD,2026-01-10T13:49:00,COMPLETED
613,3,13,7309.12,USD,2026-01-12T11:54:00,PENDING
806,7,17,6081.25,EUR,2026-01-11T08:49:00,COMPLETED
363,11,10,14710.74,SGD,2026-01-12T11:20:00,COMPLETED
766,16,12,3720.33,CAD,2026-01-11T15:08:00,COMPLETED
241,19,2,12121.64,SGD,2026-01-11T13:28:00,FAILED
763,9,5,15593.2,EUR,2026-01-10T10:01:00,FAILED
956,18,11,17455.24,CHF,2026-01-11T13:06:00,COMPLETED
61,14,11,8077.89,CHF,2026-01-12T10:12:00,COMPLETED
571,18,16,11676.99,CAD,2026-01-12T16:18:00,COMPLETED
98,14,18,6649.29,SGD,2026-01-11T12:16:00,COMPLETED
75,18,15,8344.7,JPY,2026-01-11T14:57:00,FAILED
925,18,5,9504.4,CAD,2026-01-11T08:18:00,COMPLETED
612,5,12,7880.34,CHF,2026-01-10T15:32:00,COMPLETED
820,15,16,4672.3,JPY,2026-01-10T17:16:00,COMPLETED
393,15,18,4409.91,CAD,2026-01-10T11:19:00,COMPLETED
218,3,8,16343.23,AUD,2026-01-10T14:03:00,COMPLETED
408,8,14,13126.93,EUR,2026-01-10T11:30:00,COMPLETED
332,8,13,11417.3,JPY,2026-01-11T16:41:00,PENDING
1000,19,4,11857.7,CHF,2026-01-10T17:51:00,COMPLETED
481,6,20,17800.58,GBP,2026-01-10T09:21:00,COMPLETED
11,18,8,13708.05,USD,2026-01-10T08:51:00,COMPLETED
88,19,2,6976.72,CAD,2026-01-12T13:04:00,COMPLETED
470,6,18,13886.53,AUD,2026-01-10T17:52:00,COMPLETED
597,15,13,7932.51,USD,2026-01-11T10:34:00,COMPLETED
379,6,14,7941.87,JPY,2026-01-11T17:27:00,COMPLETED
255,18,9,2547.15,CHF,2026-01-12T16:05:00,COMPLETED
462,2,8,11535.06,CAD,2026-01-11T10:11:00,COMPLETED
687,15,10,7347.38,CHF,2026-01-10T12:00:00,COMPLETED
779,6,11,11331.56,GBP,2026-01-10T10:11:00,FAILED
691,13,8,5296.46,CAD,2026-01-12T11:33:00,FAILED
298,16,11,18719.72,USD,2026-01-11T14:15:00,COMPLETED
900,4,8,14768.07,JPY,2026-01-11T11:04:00,COMPLETED
150,12,3,15824.11,USD,2026-01-11T16:07:00,COMPLETED
831,19,1,15153.7,GBP,2026-01-11T16:18:00,COMPLETED
984,15,7,5906.58,SGD,2026-01-11T16:16:00,COMPLETED
429,11,14,5476.01,EUR,2026-01-11T17:40:00,COMPLETED
194,12,5,4763.56,GBP,2026-01-11T11:11:00,COMPLETED
290,6,14,13075.21,SGD,2026-01-11T11:48:00,COMPLETED
221,5,16,8999.6,USD,2026-01-10T08:16:00,COMPLETED
685,5,18,3581.88,SGD,2026-01-12T17:27:00,COMPLETED
212,20,6,14437.6,USD,2026-01-11T13:43:00,FAILED
442,17,5,12762.45,CAD,2026-01-10T17:36:00,COMPLETED
724,4,19,7191.37,SGD,2026-01-12T14:56:00,COMPLETED
392,4,9,15513.5,AUD,2026-01-12T08:48:00,FAILED
673,18,9,6915.6,CAD,2026-01-10T13:55:00,PENDING
295,7,4,6647.15,SGD,2026-01-12T12:45:00,COMPLETED
273,11,16,10410.69,GBP,2026-01-12T16:08:00,COMPLETED
196,15,19,12877.69,AUD,2026-01-12T13:09:00,COMPLETED
933,18,6,10696.18,EUR,2026-01-10T14:59:00,COMPLETED
791,17,3,9699.08,CHF,2026-01-11T17:54:00,COMPLETED
122,7,9,11006.93,CHF,2026-01-11T15:07:00,COMPLETED
507,19,18,7027.71,GBP,2026-01-11T09:18:00,COMPLETED
748,7,18,10489.15,CHF,2026-01-12T15:39:00,FAILED
941,14,12,7752.95,USD,2026-01-11T13:22:00,COMPLETED
539,14,10,3249.45,SGD,2026-01-10T15:21:00,COMPLETED
15,16,3,15127.85,EUR,2026-01-10T10:50:00,PENDING
121,2,7,10392.87,SGD,2026-01-12T15:48:00,COMPLETED
581,5,2,3116.38,AUD,2026-01-12T08:49:00,PENDING
175,2,10,12028.18,AUD,2026-01-10T17:32:00,COMPLETED
707,20,11,18620.43,USD,2026-01-10T13:41:00,COMPLETED
694,20,16,3796.4,USD,2026-01-10T08:34:00,COMPLETED
153,10,14,2377.68,USD,2026-01-10T12:31:00,COMPLETED
815,10,19,4934.26,EUR,2026-01-11T17:57:00,COMPLETED
852,20,6,18207.12,GBP,2026-01-12T15:23:00,COMPLETED
440,17,8,8425.33,USD,2026-01-10T12:05:00,COMPLETED
633,19,4,8538.51,CHF,2026-01-11T11:58:00,COMPLETED
736,8,20,18576.63,CAD,2026-01-10T12:33:00,COMPLETED
51,4,12,15613.32,CAD,2026-01-12T10:59:00,COMPLETED
173,3,14,1976.46,AUD,2026-01-10T16:03:00,COMPLETED
269,2,19,11258.25,AUD,2026-01-12T12:04:00,COMPLETED
710,5,9,17978.33,SGD,2026-01-12T15:35:00,COMPLETED
950,8,1,2431.13,CHF,2026-01-11T09:38:00,FAILED
92,9,15,4915.08,SGD,2026-01-12T17:42:00,COMPLETED
235,9,3,14555.27,EUR,2026-01-11T17:52:00,COMPLETED
955,3,17,3916.61,GBP,2026-01-10T17:48:00,COMPLETED
627,20,5,15902.59,GBP,2026-01-12T16:16:00,COMPLETED
906,3,14,17146.63,SGD,2026-01-10T17:30:00,COMPLETED
572,1,17,2174.09,CAD,2026-01-10T08:42:00,COMPLETED
24,20,14,19289.04,JPY,2026-01-12T12:25:00,PENDING
808,16,17,6241.66,AUD,2026-01-10T09:52:00,COMPLETED
230,5,3,14335.1,SGD,2026-01-10T12:12:00,COMPLETED
866,15,3,12793.67,CHF,2026-01-11T13:16:00,COMPLETED
387,5,6,6325.87,SGD,2026-01-12T08:55:00,COMPLETED
944,20,3,2915.6,CHF,2026-01-11T16:21:00,COMPLETED
187,4,1,9972.84,CAD,2026-01-10T10:24:00,COMPLETED
810,10,2,13756.69,EUR,2026-01-11T15:56:00,COMPLETED
993,19,3,18212.26,EUR,2026-01-11T09:21:00,COMPLETED
87,8,4,13959.0,CHF,2026-01-12T17:51:00,COMPLETED
204,20,2,15795.08,AUD,2026-01-10T13:06:00,COMPLETED
289,14,11,14361.29,EUR,2026-01-12T10:00:00,COMPLETED
336,14,5,16858.77,JPY,2026-01-10T10:00:00,COMPLETED
608,15,12,15506.6,SGD,2026-01-12T09:11:00,PENDING
924,5,16,3052.44,JPY,2026-01-12T08:18:00,COMPLETED
178,18,1,12199.45,CHF,2026-01-10T10:17:00,PENDING
267,2,10,9923.14,SGD,2026-01-11T16:00:00,COMPLETED
137,10,12,7528.08,GBP,2026-01-10T16:26:00,COMPLETED
490,16,19,17638.99,SGD,2026-01-11T09:25:00,FAILED
463,19,11,16133.89,AUD,2026-01-12T08:45:00,PENDING
328,10,13,9351.7,AUD,2026-01-11T12:23:00,COMPLETED
940,11,20,12121.3,USD,2026-01-12T13:25:00,COMPLETED
703,9,16,12788.47,JPY,2026-01-11T08:55:00,PENDING
609,20,3,16843.77,GBP,2026-01-12T11:16:00,FAILED
134,3,11,17054.21,CAD,2026-01-11T15:55:00,COMPLETED
665,4,11,7263.97,CHF,2026-01-10T16:16:00,COMPLETED
979,4,8,16770.28,SGD,2026-01-11T17:37:00,COMPLETED
256,6,19,18835.06,GBP,2026-01-10T17:46:00,COMPLETED
162,9,6,2243.03,USD,2026-01-10T08:22:00,COMPLETED
114,14,11,12094.09,USD,2026-01-10T11:43:00,COMPLETED
85,6,20,12164.59,EUR,2026-01-10T12:06:00,COMPLETED
590,3,7,13423.19,JPY,2026-01-12T14:53:00,COMPLETED
882,2,5,9803.45,USD,2026-01-11T17:02:00,COMPLETED
313,18,14,10662.08,JPY,2026-01-10T15:22:00,COMPLETED
644,10,20,1196.39,GBP,2026-01-12T15:28:00,COMPLETED
994,1,18,6556.03,SGD,2026-01-12T14:36:00,COMPLETED
411,4,11,7382.86,CHF,2026-01-10T14:49:00,FAILED
4,15,19,5599.9,USD,2026-01-10T14:21:00,COMPLETED
901,19,16,1134.07,CAD,2026-01-10T11:59:00,PENDING
743,14,12,6998.74,AUD,2026-01-11T17:41:00,COMPLETED
455,7,6,5535.89,SGD,2026-01-10T08:39:00,PENDING
646,8,20,3431.18,USD,2026-01-11T11:41:00,COMPLETED
189,2,14,423.89,EUR,2026-01-11T17:27:00,COMPLETED
744,10,6,19753.66,SGD,2026-01-12T10:28:00,COMPLETED
657,19,9,3696.55,JPY,2026-01-11T11:15:00,FAILED
54,12,10,16419.7,JPY,2026-01-10T08:42:00,COMPLETED
916,2,17,18909.18,AUD,2026-01-10T09:24:00,COMPLETED
712,15,9,17359.85,GBP,2026-01-10T16:09:00,COMPLETED
988,4,19,13516.74,SGD,2026-01-11T16:54:00,COMPLETED
335,17,2,16789.42,EUR,2026-01-12T08:48:00,COMPLETED
985,11,18,10955.07,USD,2026-01-11T09:24:00,COMPLETED
747,4,10,9028.73,USD,2026-01-11T11:47:00,COMPLETED
978,6,3,7306.01,JPY,2026-01-11T11:38:00,COMPLETED
431,6,9,15477.91,EUR,2026-01-10T16:00:00,COMPLETED
361,13,11,8832.45,CAD,2026-01-12T17:08:00,COMPLETED
68,1,4,15579.49,JPY,2026-01-10T16:29:00,COMPLETED
519,11,3,4483.96,JPY,2026-01-12T12:26:00,COMPLETED
268,14,5,17654.99,AUD,2026-01-11T13:02:00,COMPLETED
716,5,20,5698.43,CAD,2026-01-12T13:07:00,COMPLETED
776,19,7,17656.84,EUR,2026-01-11T13:44:00,PENDING
103,16,15,6847.08,USD,2026-01-11T15:07:00,COMPLETED
907,9,1,14613.85,JPY,2026-01-10T13:27:00,COMPLETED
735,2,11,6991.21,CAD,2026-01-11T09:55:00,FAILED
341,13,15,11321.79,JPY,2026-01-11T09:41:00,PENDING
931,4,2,19875.77,GBP,2026-01-11T12:23:00,COMPLETED
845,9,15,10363.14,EUR,2026-01-10T15:40:00,FAILED
483,4,2,7888.4,SGD,2026-01-10T08:23:00,COMPLETED
504,1,6,3895.63,JPY,2026-01-10T11:02:00,COMPLETED
83,2,1,18994.75,JPY,2026-01-10T17:09:00,COMPLETED
281,17,7,11239.69,SGD,2026-01-12T14:20:00,COMPLETED
35,15,10,8489.0,SGD,2026-01-10T11:18:00,COMPLETED
878,15,7,2841.86,JPY,2026-01-10T17:15:00,COMPLETED
892,2,20,3641.01,SGD,2026-01-12T09:40:00,COMPLETED
822,3,16,2302.1,SGD,2026-01-11T10:18:00,FAILED
647,6,3,19936.5,CAD,2026-01-11T14:25:00,COMPLETED
450,18,8,1939.77,EUR,2026-01-10T09:00:00,COMPLETED
926,3,1,17442.28,JPY,2026-01-12T13:26:00,COMPLETED
216,2,16,17488.63,EUR,2026-01-12T16:54:00,COMPLETED
305,7,19,10756.37,GBP,2026-01-11T16:28:00,COMPLETED
840,5,14,17210.05,CAD,2026-01-12T10:29:00,COMPLETED
775,18,5,7891.68,AUD,2026-01-11T08:11:00,COMPLETED
854,5,16,15067.59,CAD,2026-01-11T11:42:00,COMPLETED
309,12,3,10846.21,USD,2026-01-10T15:02:00,COMPLETED
262,13,5,15225.27,EUR,2026-01-11T11:29:00,COMPLETED
403,16,9,6491.16,CHF,2026-01-11T16:36:00,COMPLETED
9,15,12,3294.95,AUD,2026-01-10T12:44:00,PENDING
398,9,5,14043.46,GBP,2026-01-10T10:45:00,COMPLETED
454,14,13,9947.72,CAD,2026-01-12T14:11:00,COMPLETED
243,8,4,566.97,GBP,2026-01-11T16:24:00,COMPLETED
548,13,12,12246.6,GBP,2026-01-11T15:07:00,COMPLETED
125,16,10,10202.0,CHF,2026-01-11T15:30:00,COMPLETED
945,19,13,1814.54,CAD,2026-01-12T12:26:00,COMPLETED
813,15,4,5489.45,GBP,2026-01-11T09:00:00,PENDING
718,16,7,2020.13,CAD,2026-01-12T15:33:00,PENDING
655,18,1,14031.33,CHF,2026-01-10T12:05:00,COMPLETED
317,2,5,10102.72,CHF,2026-01-10T17:20:00,COMPLETED
394,15,9,7004.11,EUR,2026-01-11T09:49:00,COMPLETED
566,5,4,7778.74,AUD,2026-01-12T14:26:00,COMPLETED
260,13,10,9098.21,USD,2026-01-10T15:26:00,COMPLETED
246,15,3,16219.74,AUD,2026-01-12T13:45:00,COMPLETED
876,10,7,3573.54,USD,2026-01-11T11:19:00,PENDING
708,18,4,2560.26,JPY,2026-01-11T16:50:00,PENDING
56,13,18,6656.44,USD,2026-01-10T12:11:00,COMPLETED
679,14,6,3718.53,USD,2026-01-10T11:42:00,COMPLETED
758,14,10,18199.22,AUD,2026-01-11T16:08:00,COMPLETED
36,2,19,14727.96,USD,2026-01-12T13:03:00,COMPLETED
621,17,9,4269.77,GBP,2026-01-10T13:38:00,FAILED
661,16,6,19688.67,CHF,2026-01-11T11:48:00,COMPLETED
22,8,2,4855.39,EUR,2026-01-10T15:52:00,COMPLETED
316,2,8,14823.79,CAD,2026-01-11T11:34:00,COMPLETED
377,4,6,18601.95,JPY,2026-01-12T10:35:00,COMPLETED
733,19,7,14698.61,AUD,2026-01-11T10:31:00,PENDING
819,15,19,2679.32,SGD,2026-01-10T15:19:00,PENDING
372,18,19,13768.9,JPY,2026-01-11T13:25:00,COMPLETED
149,15,3,2858.1,JPY,2026-01-12T14:54:00,COMPLETED
804,20,4,17298.64,CHF,2026-01-12T13:45:00,COMPLETED
896,2,12,5737.04,CAD,2026-01-11T13:39:00,FAILED
253,4,17,3102.66,GBP,2026-01-10T13:59:00,FAILED
700,15,8,14765.5,USD,2026-01-10T15:47:00,FAILED
487,12,6,8943.22,CHF,2026-01-11T15:16:00,COMPLETED
839,3,1,2922.72,SGD,2026-01-12T14:08:00,COMPLETED
559,12,15,2324.77,JPY,2026-01-10T13:22:00,PENDING
325,20,2,17478.73,JPY,2026-01-12T16:13:00,COMPLETED
116,6,16,10403.33,SGD,2026-01-11T10:37:00,COMPLETED
717,17,3,923.36,GBP,2026-01-10T08:12:00,COMPLETED
384,5,11,2401.34,CHF,2026-01-10T10:23:00,PENDING
547,2,6,2119.08,SGD,2026-01-12T15:11:00,PENDING
503,3,10,14205.91,CAD,2026-01-10T16:56:00,COMPLETED
58,17,4,7734.65,JPY,2026-01-11T08:45:00,COMPLETED
604,16,11,7174.91,JPY,2026-01-10T12:39:00,COMPLETED
261,15,7,6836.84,GBP,2026-01-11T13:46:00,COMPLETED
419,1,12,18681.79,GBP,2026-01-11T17:26:00,COMPLETED
451,8,5,4002.75,CAD,2026-01-11T09:37:00,COMPLETED
282,15,18,6879.42,AUD,2026-01-12T12:39:00,COMPLETED
220,4,11,15838.04,GBP,2026-01-10T12:58:00,COMPLETED
180,3,5,14832.33,USD,2026-01-10T16:13:00,COMPLETED
110,10,15,1470.04,JPY,2026-01-11T17:42:00,COMPLETED
148,6,9,18285.28,SGD,2026-01-11T13:51:00,COMPLETED
224,20,18,377.89,JPY,2026-01-12T10:18:00,COMPLETED
434,19,12,2432.05,USD,2026-01-10T11:51:00,COMPLETED
868,9,6,8839.47,SGD,2026-01-10T17:25:00,COMPLETED
762,1,11,17608.63,CAD,2026-01-11T12:28:00,FAILED
767,7,8,692.98,USD,2026-01-11T14:14:00,FAILED
826,19,14,15697.06,CAD,2026-01-12T13:34:00,PENDING
400,3,13,10336.49,CHF,2026-01-12T13:29:00,COMPLETED
755,12,10,4762.29,CHF,2026-01-10T12:56:00,COMPLETED
599,12,1,11092.81,GBP,2026-01-10T08:00:00,COMPLETED
338,18,14,286.43,CHF,2026-01-12T12:01:00,COMPLETED
995,14,9,457.03,SGD,2026-01-12T08:20:00,COMPLETED
827,8,6,13269.11,EUR,2026-01-12T17:53:00,COMPLETED
792,9,17,11524.1,AUD,2026-01-10T17:36:00,COMPLETED
126,15,18,2935.61,JPY,2026-01-12T16:47:00,COMPLETED
615,5,16,18786.55,USD,2026-01-10T15:14:00,COMPLETED
244,4,9,15510.54,SGD,2026-01-10T17:18:00,PENDING
962,4,8,2617.85,GBP,2026-01-12T11:19:00,COMPLETED
509,9,14,10289.96,USD,2026-01-11T10:41:00,COMPLETED
991,12,19,586.65,AUD,2026-01-11T09:27:00,COMPLETED
538,4,16,4013.0,JPY,2026-01-11T16:12:00,COMPLETED
794,7,1,2408.23,SGD,2026-01-12T09:47:00,COMPLETED
595,20,3,15131.41,USD,2026-01-12T09:22:00,COMPLETED
849,16,19,3423.13,USD,2026-01-12T12:51:00,FAILED
681,18,2,575.98,CAD,2026-01-12T09:06:00,COMPLETED
953,5,11,9247.83,GBP,2026-01-11T10:03:00,COMPLETED
124,3,8,19845.53,EUR,2026-01-11T09:41:00,COMPLETED
513,10,4,9660.68,AUD,2026-01-11T13:55:00,COMPLETED
753,7,17,19337.49,USD,2026-01-10T11:59:00,COMPLETED
585,10,7,19008.65,SGD,2026-01-12T08:07:00,PENDING
115,19,1,19991.47,CHF,2026-01-12T08:48:00,FAILED
922,10,15,12437.98,EUR,2026-01-10T15:05:00,COMPLETED
144,8,20,16048.54,JPY,2026-01-12T11:39:00,COMPLETED
863,12,8,14518.75,CHF,2026-01-10T08:01:00,PENDING
742,8,3,5361.83,CAD,2026-01-11T17:05:00,COMPLETED
860,9,11,5443.01,EUR,2026-01-11T17:25:00,COMPLETED
407,12,9,1694.29,GBP,2026-01-10T14:40:00,COMPLETED
93,11,1,9911.41,AUD,2026-01-10T15:13:00,COMPLETED
674,20,7,11558.23,GBP,2026-01-11T13:20:00,PENDING
987,10,6,9855.02,GBP,2026-01-11T14:31:00,FAILED
373,19,17,3057.36,USD,2026-01-11T09:18:00,COMPLETED
417,20,17,3813.5,CAD,2026-01-11T08:50:00,COMPLETED
935,10,16,17924.75,GBP,2026-01-12T15:21:00,PENDING
306,7,19,9802.12,SGD,2026-01-10T15:08:00,COMPLETED
617,15,2,846.1,AUD,2026-01-10T16:40:00,COMPLETED
322,10,5,16125.23,USD,2026-01-12T14:26:00,COMPLETED
86,1,10,11537.14,CAD,2026-01-11T11:04:00,COMPLETED
938,2,20,12844.19,JPY,2026-01-11T11:01:00,COMPLETED
57,9,2,2212.63,CAD,2026-01-11T13:27:00,COMPLETED
21,1,20,6516.91,USD,2026-01-10T13:56:00,COMPLETED
802,19,11,16000.73,AUD,2026-01-10T10:17:00,COMPLETED
910,8,3,11191.81,USD,2026-01-12T14:13:00,COMPLETED
740,13,17,8718.1,GBP,2026-01-10T15:35:00,COMPLETED
44,17,1,13373.87,CHF,2026-01-12T09:56:00,COMPLETED
873,16,14,8108.06,EUR,2026-01-12T11:00:00,COMPLETED
660,2,16,7455.37,AUD,2026-01-11T17:55:00,COMPLETED
181,14,15,6850.87,AUD,2026-01-11T13:49:00,COMPLETED
564,17,5,19278.9,USD,2026-01-12T08:35:00,COMPLETED
675,17,16,15506.15,SGD,2026-01-10T14:39:00,COMPLETED
285,19,18,7624.9,CAD,2026-01-11T10:18:00,COMPLETED
823,12,20,11514.83,EUR,2026-01-11T09:20:00,COMPLETED
809,5,7,14505.18,SGD,2026-01-11T16:07:00,COMPLETED
265,7,6,9990.4,SGD,2026-01-11T12:31:00,COMPLETED
30,12,14,8251.49,USD,2026-01-12T09:03:00,COMPLETED
140,15,10,13568.34,GBP,2026-01-10T15:22:00,COMPLETED
280,14,17,15510.7,SGD,2026-01-12T08:45:00,COMPLETED
164,17,4,14926.02,SGD,2026-01-11T13:32:00,COMPLETED
207,10,18,7564.75,AUD,2026-01-10T16:05:00,PENDING
38,3,20,1405.82,JPY,2026-01-11T09:56:00,COMPLETED
663,12,13,17214.98,GBP,2026-01-11T09:44:00,COMPLETED
433,18,14,4529.08,JPY,2026-01-11T13:17:00,COMPLETED
447,4,3,3194.43,CHF,2026-01-12T17:02:00,COMPLETED
574,10,7,15084.2,USD,2026-01-11T15:06:00,PENDING
498,5,20,12192.67,CAD,2026-01-10T14:56:00,COMPLETED
476,4,1,1010.54,SGD,2026-01-12T14:10:00,COMPLETED
318,20,11,4776.24,GBP,2026-01-12T16:14:00,COMPLETED
848,10,6,754.76,CHF,2026-01-12T17:16:00,COMPLETED
817,2,3,8557.99,GBP,2026-01-12T17:57:00,COMPLETED
252,17,12,2610.28,GBP,2026-01-10T14:32:00,COMPLETED
29,8,16,16159.57,JPY,2026-01-10T09:42:00,COMPLETED
197,3,16,8872.05,CHF,2026-01-11T17:03:00,COMPLETED
154,4,8,17750.82,GBP,2026-01-11T15:23:00,PENDING
117,16,3,9426.71,CAD,2026-01-11T13:42:00,COMPLETED
245,16,7,2496.62,EUR,2026-01-11T10:57:00,FAILED
416,20,10,15590.44,USD,2026-01-12T12:13:00,COMPLETED
242,3,19,2797.02,AUD,2026-01-11T13:41:00,COMPLETED
616,9,12,4718.67,JPY,2026-01-12T13:24:00,COMPLETED
704,7,4,4757.52,CAD,2026-01-11T08:10:00,COMPLETED
263,9,15,4995.98,EUR,2026-01-10T12:24:00,PENDING
165,4,15,10101.58,USD,2026-01-12T16:19:00,COMPLETED
662,5,2,10538.42,CAD,2026-01-11T16:02:00,COMPLETED
294,11,10,9114.26,SGD,2026-01-10T16:29:00,COMPLETED
972,14,4,15240.12,AUD,2026-01-10T15:07:00,COMPLETED
274,20,11,3291.92,CHF,2026-01-12T13:32:00,COMPLETED
423,5,9,1717.76,EUR,2026-01-12T11:51:00,COMPLETED
867,3,9,15553.26,CAD,2026-01-11T13:03:00,COMPLETED
209,16,7,4569.53,GBP,2026-01-10T09:18:00,COMPLETED
650,13,19,142.8,GBP,2026-01-11T16:06:00,COMPLETED
66,5,1,971.96,SGD,2026-01-12T09:29:00,COMPLETED
934,5,15,18559.84,GBP,2026-01-10T16:32:00,COMPLETED
851,9,5,12335.17,CHF,2026-01-11T08:47:00,COMPLETED
881,7,17,9194.49,GBP,2026-01-12T17:14:00,COMPLETED
327,16,8,13927.74,JPY,2026-01-11T11:35:00,COMPLETED
421,9,7,844.55,USD,2026-01-11T16:18:00,PENDING
446,4,18,7197.83,JPY,2026-01-11T12:29:00,COMPLETED
865,3,20,2641.65,GBP,2026-01-10T10:16:00,COMPLETED
999,2,10,19924.74,CAD,2026-01-10T17:47:00,COMPLETED
784,18,9,12414.33,JPY,2026-01-10T10:09:00,COMPLETED
702,11,6,12601.83,USD,2026-01-12T16:33:00,COMPLETED
765,1,12,1635.53,SGD,2026-01-10T16:54:00,COMPLETED
155,18,14,11767.44,GBP,2026-01-11T09:53:00,COMPLETED
247,18,10,17832.07,GBP,2026-01-12T10:50:00,COMPLETED
152,20,18,6593.73,JPY,2026-01-12T09:40:00,COMPLETED
474,8,12,19648.47,GBP,2026-01-12T09:52:00,FAILED
374,3,4,16634.79,GBP,2026-01-11T12:21:00,COMPLETED
206,5,12,6239.12,CAD,2026-01-10T17:45:00,COMPLETED
535,13,4,10968.28,SGD,2026-01-12T10:13:00,PENDING
62,13,6,12329.52,CHF,2026-01-11T16:53:00,COMPLETED
642,3,5,9459.79,CAD,2026-01-10T09:16:00,COMPLETED
745,8,7,13722.92,GBP,2026-01-12T09:07:00,FAILED
580,18,9,2644.83,CHF,2026-01-10T13:29:00,FAILED
958,16,14,6839.25,GBP,2026-01-10T11:09:00,COMPLETED
445,19,4,3150.44,GBP,2026-01-11T15:20:00,COMPLETED
929,2,5,7094.76,SGD,2026-01-10T17:59:00,COMPLETED
788,3,10,6490.3,CAD,2026-01-10T14:53:00,COMPLETED
874,16,4,11366.52,AUD,2026-01-11T12:25:00,COMPLETED
630,16,20,12016.29,EUR,2026-01-10T15:42:00,COMPLETED
829,6,10,19119.87,EUR,2026-01-12T09:43:00,COMPLETED
546,9,13,13813.55,SGD,2026-01-11T10:07:00,COMPLETED
654,13,8,13554.41,JPY,2026-01-11T14:22:00,COMPLETED
960,4,5,18472.02,SGD,2026-01-11T12:44:00,COMPLETED
275,18,16,14189.36,CHF,2026-01-11T08:23:00,COMPLETED
479,4,3,6869.07,CAD,2026-01-10T09:35:00,COMPLETED
961,5,15,17800.04,AUD,2026-01-10T12:01:00,FAILED
761,11,3,11168.94,EUR,2026-01-10T13:53:00,COMPLETED
1003,1,20,7088.68,CAD,2026-01-10T09:33:00,COMPLETED
677,3,6,6905.33,AUD,2026-01-11T12:45:00,COMPLETED
219,17,12,4753.77,EUR,2026-01-11T11:01:00,COMPLETED
512,13,19,2091.13,AUD,2026-01-12T17:38:00,COMPLETED
591,7,18,16583.54,CAD,2026-01-12T09:47:00,PENDING
192,17,3,7945.55,CHF,2026-01-12T13:14:00,COMPLETED
884,6,19,1325.95,EUR,2026-01-10T15:38:00,PENDING
529,4,13,10091.56,CHF,2026-01-10T09:52:00,COMPLETED
721,12,2,16481.68,CHF,2026-01-12T08:46:00,COMPLETED
643,12,3,12200.13,CAD,2026-01-11T17:41:00,COMPLETED
20,17,20,4018.28,AUD,2026-01-10T16:49:00,COMPLETED
903,9,7,6751.03,USD,2026-01-12T17:03:00,COMPLETED
185,19,16,10562.34,CHF,2026-01-10T11:25:00,COMPLETED
561,14,4,5123.07,JPY,2026-01-10T09:59:00,COMPLETED
782,18,1,12179.28,SGD,2026-01-10T11:37:00,PENDING
688,17,5,6910.5,SGD,2026-01-12T08:44:00,COMPLETED
465,16,2,1850.63,JPY,2026-01-12T11:01:00,COMPLETED
528,7,1,13551.13,JPY,2026-01-10T13:19:00,COMPLETED
640,4,8,8959.57,GBP,2026-01-10T11:32:00,COMPLETED
258,19,9,13040.04,CAD,2026-01-12T08:31:00,PENDING
412,5,3,10633.64,USD,2026-01-12T10:28:00,COMPLETED
425,2,8,1769.95,CAD,2026-01-10T15:39:00,COMPLETED
205,13,10,5077.32,GBP,2026-01-11T09:37:00,PENDING
321,14,5,6032.78,GBP,2026-01-12T15:15:00,COMPLETED
553,16,6,1543.56,SGD,2026-01-11T11:21:00,COMPLETED
680,3,7,3379.86,EUR,2026-01-10T09:59:00,COMPLETED
444,11,15,5475.52,EUR,2026-01-10T10:49:00,FAILED
308,13,9,16338.24,JPY,2026-01-12T09:02:00,COMPLETED
824,3,10,10678.27,CAD,2026-01-12T14:15:00,PENDING
517,16,12,10170.93,GBP,2026-01-12T16:11:00,COMPLETED
310,14,6,15390.99,CAD,2026-01-11T14:28:00,COMPLETED
844,4,19,9656.58,EUR,2026-01-10T16:54:00,FAILED
668,6,19,2666.23,JPY,2026-01-10T12:51:00,COMPLETED
79,5,20,10705.77,CAD,2026-01-12T17:42:00,COMPLETED
